name,Unnamed: 0,Unnamed: 0.1,Unnamed: 0.1.1,Unnamed: 0.1.1.1,id,ra,dec,dist,mapp,mabs,type,subtype,importance,date,commentary,teff_val,mass
Proxima Centauri,0,0,0,227,GJ551,217.42895299999998,-62.679483999999995,1.299537945285e-09,11.01,-11.13023613,star,famous,0,01/01/1915, ,,
Barnard's Star,1,1,1,83,GJ699,269.454023,4.6682879999999995,1.8244867143449998e-09,9.54,-13.33699483,star,famous,0,01/01/1916, ,,
Ogma,2,2,2,211,HD149026,247.62340899999998,38.347311,7.6716588214e-08,8.16,-22.83573771,star,famous,0,01/01/1924, ,,
Mira,3,3,3,192,HR681,34.836617,-2.97764,9.1694253939e-08,6.47,-24.91300191,star,famous,0,0000-01-01, ,,
Meleph,4,4,4,177,HR3429,130.11254399999999,19.544809,1.7992523568900002e-07,6.29,-26.55675171,star,famous,0,0000-01-01, ,,
Lich,5,5,5,163,PSRB1257+12,195.012701,12.682417,7.094924185099999e-07,6.0,-29.826030100000004,star,famous,0,0000-01-01, ,,
Copernicus,6,6,6,105,HR3522,133.149212,28.33082000000001,1.23458510453e-08,5.95,-21.07889647,star,famous,0,0000-01-01, ,,
Tonatiuh,7,7,7,287,HR4609,181.312995,76.90573499999998,9.7124690299e-08,5.8,-25.70793954,star,famous,0,0000-01-01, ,,
Asterope,8,8,8,75,HR1151,56.476987,24.554512,1.1406890652449998e-07,5.76,-26.0971277,star,famous,0,0000-01-01, ,,
Merga,9,9,9,183,HR5533,222.32779100000002,46.116206,4.9014419906000015e-08,5.76,-24.26291064,star,famous,0,0000-01-01, ,,
Alrakis,10,10,10,47,HR6370,256.333807,54.470078,2.7445385741850006e-08,5.55,-23.213638,star,famous,0,0000-01-01, ,,
Helvetios,11,11,11,142,HR8729,344.366583,20.768831,1.56139271176e-08,5.49,-22.04885205,star,famous,0,0000-01-01, ,,
Musica,12,12,12,203,HR8030,314.608058,10.839286,7.5330143837e-08,5.48,-25.47613529,star,famous,0,0000-01-01, ,,
Celaeno,13,13,13,99,HR1140,56.20089300000001,24.289468,1.15651365349e-07,5.45,-26.43704513,star,famous,0,0000-01-01, ,,
Polaris Australis,14,14,14,219,HR7228,317.1951640000001,-88.956499,8.6165745923e-08,5.45,-25.79796457,star,famous,0,0000-01-01, ,,
Tianyi,15,15,15,285,HR4863,191.893099,66.790305,2.2736007054100003e-07,5.43,-27.92486228,star,famous,0,0000-01-01, ,,
Intercrus,16,16,16,145,HR3743,142.166618,45.601482,8.586989786299999e-08,5.41,-25.83049604,star,famous,0,0000-01-01, ,,
Tegmine,17,17,17,278,HR3208,123.053168,17.647801,2.5091154007600002e-08,5.24,-23.32889449,star,famous,0,0000-01-01, ,,
Taiyi,18,18,18,272,HR4916,193.868951,65.438474,2.930241096215e-08,5.23,-23.67580808,star,famous,0,0000-01-01, ,,
Veritate,19,19,19,293,HR8930,352.822556,39.236197,7.920699211299999e-08,5.22,-25.84510891,star,famous,0,0000-01-01, ,,
Revati,20,20,20,234,HR361,18.432864000000002,7.575353999999999,5.33253896935e-08,5.21,-24.9959615,star,famous,0,0000-01-01, ,,
Cervantes,21,21,21,100,HR6585,266.036255,-51.834051,1.55170515007e-08,5.15,-22.37533731,star,famous,0,0000-01-01, ,,
Pleione,22,22,22,217,HR1180,57.296738,24.13671,1.17141019957e-07,5.05,-26.86483631,star,famous,0,0000-01-01, ,,
Situla,23,23,23,262,HR8610,339.439084,-4.228056,6.55989711895e-08,5.04,-25.61577645,star,famous,0,0000-01-01, ,,
Chalawan,24,24,24,101,HR4277,164.866553,40.430256,1.4068124175999999e-08,5.03,-22.28247227,star,famous,0,0000-01-01, ,,
Marsic,25,25,25,171,HR6008,242.018857,17.046979999999998,1.127828985665e-07,5.0,-26.83250757,star,famous,0,0000-01-01, ,,
Jishui,26,26,26,148,HR2930,114.79138700000001,34.584346000000004,5.1013988285000003e-08,4.89,-25.2197377,star,famous,0,0000-01-01, ,,
Adhil,27,27,27,8,HR390,20.585079999999998,45.528778,6.57714865625e-08,4.87,-25.7914796,star,famous,0,0000-01-01, ,,
Ainalrami,28,28,28,10,HR7116,283.542404,-22.74484,3.44960107011e-07,4.86,-29.40013568,star,famous,0,0000-01-01, ,,
Diadem,29,29,29,114,HR4968,197.497029,17.529447,1.78321623929e-08,4.85,-22.97731136,star,famous,0,0000-01-01, ,,
Fafnir,30,30,30,125,HR6945,276.496406,65.56348,9.65621921005e-08,4.82,-26.67532689,star,famous,0,0000-01-01, ,,
Zibal,31,31,31,308,HR984,48.958436,-8.819730999999997,3.366030653665e-08,4.8,-24.40688164,star,famous,0,0000-01-01, ,,
Alshat,32,32,32,53,HR7773,305.16589799999997,-12.759079,7.76695893035e-08,4.77,-26.25254635,star,famous,0,0000-01-01, ,,
Angetenar,33,33,33,63,HR850,42.759674,-21.004018,5.7328613788999996e-08,4.76,-25.60314851,star,famous,0,0000-01-01, ,,
Mesarthim,34,34,34,186,HR546,28.382559999999998,19.293851999999998,5.03211423595e-08,4.75,-25.33004377,star,famous,0,0000-01-01, ,,
Libertas,35,35,35,162,HR7595,298.562008,8.461453,5.6296247057e-08,4.71,-25.61368853,star,famous,0,0000-01-01, ,,
Terebellum,36,36,36,280,HR7597,298.959838,-26.299534,2.599751326305e-08,4.7,-23.94595035,star,famous,0,0000-01-01, ,,
Azelfafage,37,37,37,81,HR8301,325.523602,51.189623,5.293038677850001e-07,4.69,-30.49981665,star,famous,0,0000-01-01, ,,
Alsafi,38,38,38,49,HR7462,293.08996,69.661176,5.7569448735500004e-09,4.67,-20.70225166,star,famous,0,0000-01-01, ,,
Asellus Borealis,39,39,39,73,HR3449,130.821442,21.468501,5.5576906115e-08,4.66,-25.63576314,star,famous,0,0000-01-01, ,,
Alya,40,40,40,60,HR7141,284.054949,4.203602,4.743405928365e-08,4.62,-25.33174277,star,famous,0,0000-01-01, ,,
Castula,41,41,41,97,HR265,14.166271,59.18105500000001,6.12980582165e-08,4.62,-25.88852489,star,famous,0,0000-01-01, ,,
Zaniah,42,42,42,304,HR4689,184.976476,-0.6667930000000001,8.13982351595e-08,4.6,-26.52436625,star,famous,0,0000-01-01, ,,
Salm,43,43,43,248,HR8880,350.15934100000015,23.740336,4.9597635607e-08,4.58,-25.46859617,star,famous,0,0000-01-01, ,,
Cujam,44,44,44,107,HR6117,246.353979,14.033273999999999,7.6716588214e-08,4.57,-26.42573771,star,famous,0,0000-01-01, ,,
Dziban,45,45,45,118,HR6636,265.48481400000003,72.148847,2.2845040199950002e-08,4.57,-23.79525094,star,famous,0,0000-01-01, ,,
Khambalia,46,46,46,155,HR5359,214.77746800000003,-13.371096,5.719750204150001e-08,4.52,-25.83817662,star,famous,0,0000-01-01, ,,
Lilii Borea,47,47,47,164,HR824,41.977256,29.247115,5.262410889050001e-08,4.52,-25.65721508,star,famous,0,0000-01-01, ,,
Jabbah,48,48,48,147,HR6027,242.998894,-19.460708,1.454046962875e-07,4.5,-27.88418347,star,famous,0,0000-01-01, ,,
Minchir,49,49,49,189,HR3418,129.689323,3.341436,1.143296354435e-07,4.45,-27.4120854,star,famous,0,0000-01-01, ,,
Anser,50,50,50,65,HR7405,292.176375,24.664903,9.11927356635e-08,4.44,-26.93109253,star,famous,0,0000-01-01, ,,
Aladfar,51,51,51,11,HR7298,288.439531,39.14597,4.2569545120300004e-07,4.43,-30.28678635,star,famous,0,0000-01-01, ,,
Keid,52,52,52,154,HR1325,63.817999,-7.652872,4.98646351395e-09,4.43,-20.63025454,star,famous,0,0000-01-01, ,,
Alkarab,53,53,53,35,HR8905,351.34493100000014,23.4041,5.22666829025e-08,4.42,-25.742416,star,famous,0,0000-01-01, ,,
Alula Australis,54,54,54,58,HR4375,169.545423,31.529161,8.837317230400001e-09,4.41,-21.89289353,star,famous,0,0000-01-01, ,,
Maasym,55,55,55,165,HR6526,262.684626,26.110645,1.1329380639349999e-07,4.41,-27.43232215,star,famous,0,0000-01-01, ,,
Sham,56,56,56,257,HR7479,295.024133,18.013891,1.304282021285e-07,4.39,-27.75814885,star,famous,0,0000-01-01, ,,
Botein,57,57,57,91,HR951,47.907356,19.726674,5.2049131642000004e-08,4.35,-25.80335875,star,famous,0,0000-01-01, ,,
Yildun,58,58,58,303,HR6789,263.054126,86.586462,5.27907287975e-08,4.35,-25.83407959,star,famous,0,0000-01-01, ,,
Alterf,59,59,59,56,HR3773,142.930115,22.96797,1.009469536195e-07,4.32,-27.27175739,star,famous,0,0000-01-01, ,,
Alkalurops,60,60,60,33,HR5733,231.12261800000002,37.377169,3.469942109790001e-08,4.31,-24.96290245,star,famous,0,0000-01-01, ,,
Taygeta,61,61,61,277,HR1145,56.302063000000004,24.46727000000001,1.2551873404749998e-07,4.3,-27.76483406,star,famous,0,0000-01-01, ,,
Torcular,62,62,62,288,HR510,26.348466,9.157737,8.572273441e-08,4.29,-26.94677139,star,famous,0,0000-01-01, ,,
Arkab Posterior,63,63,63,68,HR7343,290.80474,-44.799779,4.11511439866e-08,4.27,-25.37320087,star,famous,0,0000-01-01, ,,
Acubens,64,64,64,5,HR3572,134.62176100000002,11.8577,5.7758909377999996e-08,4.26,-26.11938623,star,famous,0,0000-01-01, ,,
Kurhah,65,65,65,159,HR8417,330.94772400000005,64.627971,2.9605928094349998e-08,4.26,-24.66818471,star,famous,0,0000-01-01, ,,
Alsciaukat,66,66,66,50,HR3275,125.70879199999999,43.188131,1.172783482405e-07,4.25,-27.66738051,star,famous,0,0000-01-01, ,,
Chara,67,67,67,103,HR4785,188.43560300000001,41.357479,8.442774158449999e-09,4.24,-21.96371717,star,famous,0,0000-01-01, ,,
Kang,68,68,68,150,HR5315,213.223939,-10.273703999999999,7.81550242515e-08,4.18,-26.85607582,star,famous,0,0000-01-01, ,,
Xuange,69,69,69,300,HR5351,214.095912,46.088306,3.036989406095e-08,4.18,-24.80350769,star,famous,0,0000-01-01, ,,
Ancha,70,70,70,62,HR8499,334.208485,-7.783291,5.7493351168500006e-08,4.17,-26.19937942,star,famous,0,0000-01-01, ,,
Alkaphrah,71,71,71,34,HR3594,135.906365,47.156525,1.0993234176700001e-07,4.16,-27.6169187,star,famous,0,0000-01-01, ,,
Merope,72,72,72,185,HR1156,56.581552,23.948348,1.165949079685e-07,4.14,-27.76468923,star,famous,0,0000-01-01, ,,
Meridiana,73,73,73,184,HR7254,287.368087,-37.904472999999996,3.8446745206e-08,4.11,-25.3855892,star,famous,0,0000-01-01, ,,
Muliphein,74,74,74,200,HR2657,105.939554,-15.633285999999998,1.3555342958900002e-07,4.11,-28.12184386,star,famous,0,0000-01-01, ,,
Zhang,75,75,75,307,HR3903,147.869558,-14.846603,8.0937241932e-08,4.11,-27.00203331,star,famous,0,0000-01-01, ,,
Titawin,76,76,76,286,HR458,24.199342,41.405457,1.3496820162300002e-08,4.09,-23.13244861,star,famous,0,0000-01-01, ,,
Alkes,77,77,77,36,HR4287,164.943604,-18.298783,4.88230507885e-08,4.08,-25.93441587,star,famous,0,0000-01-01, ,,
Syrma,78,78,78,269,HR5338,214.003623,-6.000545,2.2245592843900002e-08,4.07,-24.23751123,star,famous,0,0000-01-01, ,,
Beid,79,79,79,86,HR1298,62.96641500000001,-6.83758,3.73277727709e-08,4.04,-25.391451699999998,star,famous,0,0000-01-01, ,,
Aldulfin,80,80,80,22,HR7852,308.303216,11.303261000000001,1.01356059801e-07,4.03,-27.570539899999996,star,famous,0,0000-01-01, ,,
Alchiba,81,81,81,15,HR4623,182.103402,-24.728875,1.494226005085e-08,4.02,-23.42337276,star,famous,0,0000-01-01, ,,
Sceptrum,82,82,82,251,HR1481,69.54510400000001,-14.304017000000002,3.3694318301400004e-08,4.02,-25.18907468,star,famous,0,0000-01-01, ,,
Wurren,83,83,83,298,HR338,17.096173,-55.245757999999995,9.161028482200001e-08,4.02,-27.36101247,star,famous,0,0000-01-01, ,,
Mekbuda,84,84,84,176,HR2650,106.02721499999998,20.570295,4.22103084527e-07,4.01,-30.68838394,star,famous,0,0000-01-01, ,,
Alcor,85,85,85,16,HR5062,201.306403,54.987954,2.50660062726e-08,3.99,-24.57671703,star,famous,0,0000-01-01, ,,
Menkib,86,86,86,181,HR1228,59.741253,35.791032,3.818260726565e-07,3.98,-30.50061921,star,famous,0,0000-01-01, ,,
Beemim,87,87,87,85,HR1393,66.00923900000001,-34.016847999999996,9.08614269255e-08,3.97,-27.39318907,star,famous,0,0000-01-01, ,,
Arkab Prior,88,88,88,69,HR7337,290.65955099999996,-44.458959,9.61907990825e-08,3.96,-27.52695897,star,famous,0,0000-01-01, ,,
Rukbat,89,89,89,239,HR7348,290.9715700000001,-40.61594,5.5762782074e-08,3.96,-26.34301347,star,famous,0,0000-01-01, ,,
Asellus Australis,90,90,90,72,HR3461,131.171248,18.154309,4.00474103388e-08,3.94,-25.6441635,star,famous,0,0000-01-01, ,,
Kitalpha,91,91,91,156,HR8131,318.9559490000001,5.247865,5.8365478993000005e-08,3.92,-26.48207158,star,famous,0,0000-01-01, ,,
Zubenelhakrabi,92,92,92,311,HR5787,233.881578,-14.789535999999998,5.00442376235e-08,3.91,-26.1580617,star,famous,0,0000-01-01, ,,
Nusakan,93,93,93,210,HR5747,231.957211,29.105698999999998,3.4294971212250003e-08,3.9,-25.34744352,star,famous,0,0000-01-01, ,,
Azha,94,94,94,82,HR874,44.106873,-8.898145,4.18746048678e-08,3.89,-25.79104492,star,famous,0,0000-01-01, ,,
Rasalas,95,95,95,229,HR3905,148.190903,26.006953,3.8066374062e-08,3.88,-25.59399886,star,famous,0,0000-01-01, ,,
Iklil,96,96,96,144,HR5928,239.22115099999996,-29.214073,1.4477341684399998e-07,3.87,-28.50473543,star,famous,0,0000-01-01, ,,
Maia,97,97,97,167,HR1149,56.456694999999996,24.367751000000002,1.1755397301300001e-07,3.87,-28.05247787,star,famous,0,0000-01-01, ,,
Dalim,98,98,98,110,HR963,48.018864,-28.98762,1.424237343855e-08,3.86,-23.47920315,star,famous,0,0000-01-01, ,,
Sadachbia,99,99,99,242,HR8518,335.414064,-1.387334,5.02200959075e-08,3.86,-26.215678999999998,star,famous,0,0000-01-01, ,,
Sualocin,100,100,100,265,HR7906,309.90952999999996,15.912073000000001,7.78509190665e-08,3.86,-27.16761003,star,famous,0,0000-01-01, ,,
Atik,101,101,101,77,HR1131,56.079719999999995,32.28824,3.43774677092e-07,3.84,-30.41266072,star,famous,0,0000-01-01, ,,
Polis,102,102,102,220,HR6812,273.44087,-21.058832000000002,1.111538122785e-05,3.84,-37.96091312,star,famous,0,0000-01-01, ,,
Alrescha,103,103,103,48,HR596,30.511771999999997,2.763735,4.6185794564e-08,3.82,-26.073833399999998,star,famous,0,0000-01-01, ,,
Giausar,104,104,104,132,HR4434,172.85092,69.331075,1.02184301382e-07,3.82,-27.79821221,star,famous,0,0000-01-01, ,,
Marfik,105,105,105,168,HR6149,247.72845299999997,1.983888,5.3098954882e-08,3.82,-26.37672117,star,famous,0,0000-01-01, ,,
Theemin,106,106,106,281,HR1464,68.88766,-30.562340999999996,6.55989711895e-08,3.81,-26.84577645,star,famous,0,0000-01-01, ,,
Misam,107,107,107,197,HR941,47.374047999999995,44.857541,3.4579478405700004e-08,3.79,-25.4753835,star,famous,0,0000-01-01, ,,
Praecipua,108,108,108,223,HR4247,163.32793700000005,34.214872,2.9097856610399997e-08,3.79,-25.10059630000001,star,famous,0,0000-01-01, ,,
Albali,109,109,109,13,HR7950,311.918969,-9.495775,6.37187458875e-08,3.78,-26.812627399999997,star,famous,0,0000-01-01, ,,
Secunda Hyadum,110,110,110,254,HR1373,65.733719,17.542514,4.772825908085e-08,3.78,-26.18516927,star,famous,0,0000-01-01, ,,
Miram,111,111,111,194,HR834,42.674207,55.895497,2.69645366677e-07,3.77,-29.95525612,star,famous,0,0000-01-01, ,,
Baten Kaitos,112,112,112,84,HR539,27.865137,-10.335044,7.2073797577e-08,3.74,-27.12017834,star,famous,0,0000-01-01, ,,
Chamukuy,113,113,113,102,HR1412,67.165586,15.870882,4.612191379780001e-08,3.73,-26.16082791,star,famous,0,0000-01-01, ,,
Grumium,114,114,114,136,HR6688,268.382207,56.872645999999996,3.45198174693e-08,3.73,-25.53163376,star,famous,0,0000-01-01, ,,
Ran,115,115,115,228,HR1084,53.232687,-9.458259,3.2172905073750004e-09,3.73,-20.37874269,star,famous,0,0000-01-01, ,,
Electra,116,116,116,120,HR1142,56.218904,24.113336,1.241171600955e-07,3.72,-28.32045046,star,famous,0,0000-01-01, ,,
Alshain,117,117,117,52,HR7602,298.828304,6.406763,1.3703894661350003e-08,3.71,-23.54551137,star,famous,0,0000-01-01, ,,
Fulu,118,118,118,128,HR153,9.242851,53.896907999999996,1.81888056394e-07,3.69,-29.18031222,star,famous,0,0000-01-01, ,,
Nashira,119,119,119,205,HR8278,325.022735,-16.662308,4.8164868094300005e-08,3.69,-26.29494318,star,famous,0,0000-01-01, ,,
Saclateni,120,120,120,241,HR1612,75.61953100000002,41.075839,2.410564603075e-07,3.69,-29.79188518,star,famous,0,0000-01-01, ,,
Taiyangshou,121,121,121,271,HR4518,176.512559,47.779406,5.632794539599999e-08,3.69,-26.63491086,star,famous,0,0000-01-01, ,,
Thuban,122,122,122,282,HR5291,211.097291,64.375851,9.2972519551e-08,3.67,-27.74306431,star,famous,0,0000-01-01, ,,
Prima Hyadum,123,123,123,224,HR1346,64.948349,15.627642999999999,4.9548504719e-08,3.65,-26.39644407,star,famous,0,0000-01-01, ,,
Rotanev,124,124,124,237,HR7882,309.3872350000001,14.595115,3.0942910929749995e-08,3.64,-25.38409714,star,famous,0,0000-01-01, ,,
Atlas,125,125,125,78,HR1178,57.290597,24.053415,1.172783482405e-07,3.62,-28.29738051,star,famous,0,0000-01-01, ,,
Bharani,126,126,126,89,HR838,42.495971999999995,27.260507,5.0806719655e-08,3.61,-26.49089709,star,famous,0,0000-01-01, ,,
Sheliak,127,127,127,259,HR7106,282.519978,33.362668,2.9509861661150003e-07,3.6,-30.32112717,star,famous,0,0000-01-01, ,,
Ginan,128,128,128,134,HR4700,185.340039,-60.401146999999995,7.04992466775e-08,3.59,-27.22221369,star,famous,0,0000-01-01, ,,
Nembus,129,129,129,207,HR464,24.498154,48.628214,5.4339180343499996e-08,3.59,-26.65685672,star,famous,0,0000-01-01, ,,
Zavijava,130,130,130,306,HR4540,177.673826,1.7647169999999999,1.0933161863300004e-08,3.59,-23.1750202,star,famous,0,0000-01-01, ,,
Algedi,131,131,131,24,HR7754,304.513566,-12.544852,3.245893284405e-08,3.58,-25.54796249,star,famous,0,0000-01-01, ,,
Kaffaljidhma,132,132,132,149,HR804,40.825163,3.235816,2.441748377445e-08,3.56,-24.94979585,star,famous,0,0000-01-01, ,,
Pipirima,133,133,133,216,HR6252,253.08393900000002,-38.017534999999995,1.454046962875e-07,3.56,-28.82418347,star,famous,0,0000-01-01, ,,
Ain,134,134,134,9,HR1409,67.154163,19.180435,4.49813089174e-08,3.53,-26.30645175,star,famous,0,0000-01-01, ,,
Biham,135,135,135,90,HR8450,332.549939,6.197863,2.83074224769e-08,3.52,-25.31079294,star,famous,0,0000-01-01, ,,
Subra,136,136,136,266,HR3852,145.28763999999995,9.892308,3.99674115191e-08,3.52,-26.05982142,star,famous,0,0000-01-01, ,,
Wasat,137,137,137,295,HR2777,110.030749,21.982316,1.8546242311950003e-08,3.52,-24.39257096,star,famous,0,0000-01-01, ,,
Sadalbari,138,138,138,243,HR8684,342.500809,24.601577,3.2543406322250005e-08,3.51,-25.62360635,star,famous,0,0000-01-01, ,,
Alula Borealis,139,139,139,59,HR4377,169.61973700000001,33.094305,1.2244606000349998e-07,3.49,-28.52101538,star,famous,0,0000-01-01, ,,
Nekkar,140,140,140,206,HR5602,225.48651,40.390567,6.9087314241e-08,3.49,-27.27828286,star,famous,0,0000-01-01, ,,
Unurgunite,141,141,141,291,HR2646,105.429782,-27.934829999999998,3.43774677092e-07,3.49,-30.76266072,star,famous,0,0000-01-01, ,,
Achird,142,142,142,2,HR219,12.276213,57.815187,5.9553774874e-09,3.46,-21.98583778,star,famous,0,0000-01-01, ,,
Tania Borealis,143,143,143,275,HR4033,154.274095,42.914356,4.2174717974150005e-08,3.45,-26.24655224,star,famous,0,0000-01-01, ,,
Porrima,144,144,144,222,HR4825,190.41518100000002,-1.449373,1.1689463782300004e-08,3.44,-23.47026426,star,famous,0,0000-01-01, ,,
Adhafera,145,145,145,6,HR4031,154.172567,23.417312,8.406590845e-08,3.43,-27.76439086,star,famous,0,0000-01-01, ,,
Mothallah,146,146,146,199,HR544,28.27045,29.578826,1.942493806465e-08,3.42,-24.59308952,star,famous,0,0000-01-01, ,,
Homam,147,147,147,143,HR8634,340.365503,10.831363,4.446152490170001e-08,3.41,-26.40121308,star,famous,0,0000-01-01, ,,
Meissa,148,148,148,175,HR1879,83.784486,9.934156,3.368297340935e-07,3.39,-30.81834342,star,famous,0,0000-01-01, ,,
Minelauva,149,149,149,190,HR4910,193.900869,3.3974699999999998,6.085062714099997e-08,3.39,-27.1026166,star,famous,0,0000-01-01, ,,
Albireo,150,150,150,14,HR7417,292.680351,27.959691999999997,1.332069653965e-07,3.37,-28.82392598,star,famous,0,0000-01-01, ,,
Rasalgethi,151,151,151,230,HR6406,258.66191000000003,14.390332999999998,1.1029595485150002e-07,3.37,-28.41408923,star,famous,0,0000-01-01, ,,
Alzirr,152,152,152,61,HR2484,101.322351,12.895592,1.800547714775e-08,3.35,-24.49831448,star,famous,0,0000-01-01, ,,
Muscida,153,153,153,202,HR3323,127.566128,60.71816999999999,5.4935986278e-08,3.35,-26.92057594,star,famous,0,0000-01-01, ,,
Segin,154,154,154,255,HR0542,28.598857000000002,63.670101,1.26311150279e-07,3.35,-28.72849976,star,famous,0,0000-01-01, ,,
Chertan,155,155,155,104,HR4359,168.56001899999995,15.429571,5.0626736349e-08,3.33,-26.76319096,star,famous,0,0000-01-01, ,,
Megrez,156,156,156,174,HR4660,183.856503,57.032615,2.469474969965e-08,3.32,-25.21431445,star,famous,0,0000-01-01, ,,
Propus,157,157,157,226,HR2216,93.71940500000001,22.506794,1.1796984790299999e-07,3.32,-28.610146399999998,star,famous,0,0000-01-01, ,,
Edasich,158,158,158,119,HR5744,231.232396,58.966063,3.103891747515e-08,3.29,-25.74082414,star,famous,0,0000-01-01, ,,
Skat,159,159,159,263,HR8709,343.662556,-15.820827,4.9255751347e-08,3.27,-26.76357605,star,famous,0,0000-01-01, ,,
Brachium,160,160,160,92,HR5603,226.01756699999999,-25.281961,8.845130948999998e-08,3.25,-28.05481264,star,famous,0,0000-01-01, ,,
Sulafat,161,161,161,268,HR7178,284.735928,32.689557,1.9018713122650003e-07,3.25,-29.71719695,star,famous,0,0000-01-01, ,,
Alfirk,162,162,162,23,HR8238,322.164987,70.560715,2.101647710765e-07,3.23,-29.954090899999997,star,famous,0,0000-01-01, ,,
Yed Posterior,163,163,163,301,HR6075,244.58037400000003,-4.6925099999999995,3.2649618480150005e-08,3.23,-25.91068186,star,famous,0,0000-01-01, ,,
Errai,164,164,164,124,HR8974,354.836655,77.632313,1.4107802996e-08,3.21,-24.10858824,star,famous,0,0000-01-01, ,,
Fuyue,165,165,165,130,HR6630,267.464503,-37.043305,3.859507370175e-08,3.19,-26.31395068,star,famous,0,0000-01-01, ,,
Tabit,166,166,166,270,HR1543,72.460045,6.961275,8.071520980499999e-09,3.19,-22.91606821,star,famous,0,0000-01-01, ,,
Haedus,167,167,167,138,HR1641,76.628722,41.234476,7.46555455515e-08,3.18,-27.75660167,star,famous,0,0000-01-01, ,,
Aldhibah,168,168,168,21,HR6396,257.19665,65.71468399999999,1.0074363647849998e-07,3.17,-28.41737942,star,famous,0,0000-01-01, ,,
Sarin,169,169,169,250,HR6410,258.75796299999996,24.839204000000002,2.30450198183e-08,3.12,-25.26417674,star,famous,0,0000-01-01, ,,
Talitha,170,170,170,273,HR3569,134.80189,48.041826,1.45151524978e-08,3.12,-24.26039932,star,famous,0,0000-01-01, ,,
Wazn,171,171,171,296,HR2040,87.739968,-35.76831,2.674109356415e-08,3.12,-25.58718712,star,famous,0,0000-01-01, ,,
Altais,172,172,172,55,HR7310,288.13875,67.661541,2.988005705895e-08,3.07,-25.87819842,star,famous,0,0000-01-01, ,,
Mebsuta,173,173,173,173,HR2473,100.983026,25.131127,2.59166919755e-07,3.06,-30.57918914,star,famous,0,0000-01-01, ,,
Tania Australis,174,174,174,274,HR4069,155.58225,41.499519,7.06486095085e-08,3.06,-27.756809399999998,star,famous,0,0000-01-01, ,,
Dabih,175,175,175,109,HR7776,305.252803,-14.781405,1.00238908861e-07,3.05,-28.52647296,star,famous,0,0000-01-01, ,,
Seginus,176,176,176,256,HR5435,218.01946600000002,38.308251,2.662012533945e-08,3.04,-25.65734179,star,famous,0,0000-01-01, ,,
Almaaz,177,177,177,37,HR1605,75.49221899999998,43.823307,6.53845954665e-07,3.03,-32.61866851,star,famous,0,0000-01-01, ,,
Furud,178,178,178,129,HR2282,95.0783,-30.063367,1.1115381227850001e-07,3.02,-28.78091312,star,famous,0,0000-01-01, ,,
Aldhanab,179,179,179,20,HR8353,328.482192,-37.364855,6.4749793565e-08,3.0,-27.62748325,star,famous,0,0000-01-01, ,,
Pherkad,180,180,180,215,HR5735,230.18215,71.834017,1.49311091103e-07,3.0,-29.44175165,star,famous,0,0000-01-01, ,,
Xamidimura,181,181,181,299,HR6247,252.96762999999999,-38.04738,1.5366886484549998e-07,3.0,-29.50422072,star,famous,0,0000-01-01, ,,
Alnasl,182,182,182,40,HR6746,271.452025,-30.4241,2.9711443729200006e-08,2.98,-25.95591008,star,famous,0,0000-01-01, ,,
Tianguan,183,183,183,284,HR1910,84.41118900000002,21.142544,1.36478077821e-07,2.97,-29.27660579,star,famous,0,0000-01-01, ,,
Zaurak,184,184,184,305,HR1231,59.50736,-13.508516,6.236809916649999e-08,2.97,-27.57610385,star,famous,0,0000-01-01, ,,
Sadalmelik,185,185,185,244,HR8414,331.445983,-0.319849,1.6057533070850002e-07,2.95,-29.64968543,star,famous,0,0000-01-01, ,,
Algorab,186,186,186,28,HR4757,187.466063,-16.515431,2.664139308415e-08,2.94,-25.75907596,star,famous,0,0000-01-01, ,,
Matar,187,187,187,172,HR8650,340.750579,30.221244,6.57282726745e-08,2.93,-27.730052399999998,star,famous,0,0000-01-01, ,,
Alniyat,188,188,188,43,HR6084,245.29714900000002,-25.59279200000001,2.137573312675e-07,2.9,-30.3208964,star,famous,0,0000-01-01, ,,
Sadalsuud,189,189,189,245,HR8232,322.88971499999997,-5.571176,1.648079588825e-07,2.9,-29.75618221,star,famous,0,0000-01-01, ,,
Cor Caroli,190,190,190,106,HR4915,194.006943,38.318376,3.521240092735e-08,2.89,-26.414769500000002,star,famous,0,0000-01-01, ,,
Fang,191,191,191,126,HR5944,239.712972,-26.114107999999998,1.7960221012049996e-07,2.89,-29.95284969,star,famous,0,0000-01-01, ,,
Gomeisa,192,192,192,135,HR2845,111.787674,8.289316,4.9597635607e-08,2.89,-27.15859617,star,famous,0,0000-01-01, ,,
Acamar,193,193,193,0,HR897,44.565311,-40.304672,2.9773342567150002e-08,2.88,-26.06042928,star,famous,0,0000-01-01, ,,
Albaldah,194,194,194,12,HR7264,287.440971,-21.023615,1.56310048503e-07,2.88,-29.661225800000004,star,famous,0,0000-01-01, ,,
Tejat,195,195,195,279,HR2286,95.740112,22.513582999999997,7.105002203800001e-08,2.87,-27.95911239,star,famous,0,0000-01-01, ,,
Alcyone,196,196,196,17,HR1165,56.871152,24.105135999999998,1.236568986845e-07,2.85,-29.18238306,star,famous,0,0000-01-01, ,,
Deneb Algedi,197,197,197,112,HR8322,326.760184,-16.127287,1.18711796635e-08,2.85,-24.093760699999997,star,famous,0,0000-01-01,"Deneb is one of three stars in the Summer Triangle, an asterism visible in the evening beginning around June, through the end of each year.

Destination of USS Enterprise in Encounter at Farpoint.

Constellation: Cygnus

Distance: 3,230 light years

Star Type: A2 Ia

Mass: 19 sol

Radius: 203 sol

Luminosity: 196,000 sol

Surface Temperature: 8,525K

Rotational Velocity: 20 km/s

Age: Uncertain",,
Vindemiatrix,198,198,198,294,HR4932,195.544157,10.959149,3.36150641895e-08,2.85,-26.35396103,star,famous,0,0000-01-01, ,,
Algenib,199,199,199,25,HR39,3.308963,15.183594,1.2009415488699998e-07,2.83,-29.13890066,star,famous,0,0000-01-01, ,,
Nihal,200,200,200,208,HR1829,82.061346,-20.759441,4.918310276049999e-08,2.83,-27.20037092,star,famous,0,0000-01-01, ,,
Tureis,201,201,201,289,HR3185,121.88603700000002,-24.304323999999998,1.9489271583200002e-08,2.83,-25.19026934,star,famous,0,0000-01-01, ,,
Kaus Borealis,202,202,202,152,HR6913,276.99266800000004,-25.421701000000002,2.397853092575e-08,2.82,-25.65040417,star,famous,0,0000-01-01, ,,
Hatysa,203,203,203,141,HR1899,83.85825799999998,-5.9099010000000005,7.14560221825e-07,2.8,-33.04148549,star,famous,0,0000-01-01, ,,
Rastaban,204,204,204,232,HR6536,262.608174,52.301389,1.165949079685e-07,2.79,-29.11468923,star,famous,0,0000-01-01, ,,
Cursa,205,205,205,108,HR1666,76.96244,-5.086446,2.7407789322700007e-08,2.78,-25.98066134,star,famous,0,0000-01-01, ,,
Kornephoros,206,206,206,158,HR6148,247.554998,21.489611,4.267851153015e-08,2.78,-26.94233763,star,famous,0,0000-01-01, ,,
Cebalrai,207,207,207,98,HR6603,265.868136,4.5673,2.51037468095e-08,2.76,-25.80998404,star,famous,0,0000-01-01, ,,
Zubenelgenubi,208,208,208,310,HR5531,222.71963799999997,-16.041777,2.324853149765e-08,2.75,-25.65326894,star,famous,0,0000-01-01, ,,
Athebyne,209,209,209,76,HR6132,245.997858,61.514214,2.8243487022100003e-08,2.73,-26.09588288,star,famous,0,0000-01-01, ,,
Yed Prior,210,210,210,302,HR6056,243.586411,-3.6943230000000002,5.2486060333499996e-08,2.73,-27.44151118,star,famous,0,0000-01-01, ,,
Kaus Media,211,211,211,153,HR6859,275.248508,-29.828103999999996,1.066507793385e-07,2.72,-28.99111147,star,famous,0,0000-01-01, ,,
Tarazed,212,212,212,276,HR7525,296.564915,10.613261999999999,1.21111901973e-07,2.72,-29.26722543,star,famous,0,0000-01-01, ,,
Lesath,213,213,213,161,HR6508,262.690979,-37.295813,1.7674634455950006e-07,2.7,-30.10804351,star,famous,0,0000-01-01, ,,
Sheratan,214,214,214,260,HR553,28.660046,20.808031,1.7992523568900002e-08,2.7,-25.14675171,star,famous,0,0000-01-01, ,,
Hassaleh,215,215,215,140,HR1577,74.248421,33.1661,1.51344071132e-07,2.69,-29.78111837,star,famous,0,0000-01-01, ,,
Muphrid,216,216,216,201,HR5235,208.671161,18.397717,1.140039100255e-08,2.68,-24.17589004,star,famous,0,0000-01-01, ,,
Ruchbah,217,217,217,238,HR403,21.453964000000006,60.235284,3.04902258541e-08,2.66,-26.33209451,star,famous,0,0000-01-01, ,,
Mahasim,218,218,218,166,HR2095,89.93029200000002,37.212585,5.07809294405e-08,2.65,-27.44979454,star,famous,0,0000-01-01, ,,
Phact,219,219,219,213,HR1956,84.912254,-34.07411,8.01589992435e-08,2.65,-28.44105274,star,famous,0,0000-01-01, ,,
Unukalhai,220,220,220,290,HR5854,236.06697599999998,6.425629,2.268445148135e-08,2.63,-25.71993272,star,famous,0,0000-01-01, ,,
Algieba,221,221,221,26,HR4057,154.993144,19.841489000000006,3.8535605174550003e-08,2.61,-26.89060223,star,famous,0,0000-01-01, ,,
Zubeneschamali,222,222,222,312,HR5685,229.25172400000002,-9.382914,5.6775500001e-08,2.61,-27.73209615,star,famous,0,0000-01-01, ,,
Ascella,223,223,223,71,HR7194,285.653043,-29.880063,2.7052036511950003e-08,2.6,-26.13229113,star,famous,0,0000-01-01, ,,
Arneb,224,224,224,70,HR1865,83.182567,-17.822289,6.805335442949999e-07,2.58,-33.15553899,star,famous,0,0000-01-01, ,,
Gienah,225,225,225,133,HR4662,183.951543,-17.541929,4.71212581408e-08,2.58,-27.3573757,star,famous,0,0000-01-01, ,,
Acrab,226,226,226,3,HR5984,241.3593,-19.805453,1.2396335936900002e-07,2.56,-29.47775799,star,famous,0,0000-01-01, ,,
Zosma,227,227,227,309,HR4357,168.527089,20.523718,1.7921610719799994e-08,2.56,-25.27817651,star,famous,0,0000-01-01, ,,
Menkar,228,228,228,179,HR911,45.569885,4.089737,7.642355310550001e-08,2.54,-28.44742743,star,famous,0,0000-01-01, ,,
Markab,229,229,229,169,HR8781,346.190223,15.205267000000001,4.0898786191850004e-08,2.49,-27.1398434,star,famous,0,0000-01-01, ,,
Aljanah,230,230,230,31,HR7949,311.552843,33.970257000000004,2.23001406678e-08,2.48,-25.83282932,star,famous,0,0000-01-01, ,,
Markeb,231,231,231,170,HR3734,140.52840700000002,-55.01066700000001,1.755060193335e-07,2.47,-30.32275139,star,famous,0,0000-01-01, ,,
Alderamin,232,232,232,19,HR8162,319.644885,62.585574,1.5043373088500002e-08,2.45,-25.00801744,star,famous,0,0000-01-01, ,,
Aludra,233,233,233,57,HR2827,111.02376000000001,-29.303106,6.09990433005e-07,2.45,-33.04790643,star,famous,0,0000-01-01, ,,
Scheat,234,234,234,252,HR8775,345.943572,28.082784999999998,6.01192494205e-08,2.44,-28.02635906,star,famous,0,0000-01-01, ,,
Sabik,235,235,235,240,HR6378,257.594529,-15.724907,2.71033408353e-08,2.43,-26.30640544,star,famous,0,0000-01-01, ,,
Phecda,236,236,236,214,HR4554,178.457679,53.69475799999999,2.55134993699e-08,2.41,-26.19514145,star,famous,0,0000-01-01, ,,
Ankaa,237,237,237,64,HR99,6.570939,-42.30608400000001,2.598400805975e-08,2.4,-26.24482202,star,famous,0,0000-01-01, ,,
Enif,238,238,238,123,HR8308,326.04648399999996,9.875009,2.114977400325e-07,2.38,-30.81781996,star,famous,0,0000-01-01, ,,
Izar,239,239,239,146,HR5506,221.246763,27.074207,6.175211793250001e-08,2.35,-28.17455059,star,famous,0,0000-01-01, ,,
Merak,240,240,240,182,HR4295,165.460319,56.382426,2.4459274090450002e-08,2.34,-26.17350913,star,famous,0,0000-01-01, ,,
Dschubba,241,241,241,116,HR5953,240.08335899999997,-22.62171,1.50660287674e-07,2.29,-30.17128527,star,famous,0,0000-01-01, ,,
Larawag,242,242,242,160,HR6241,252.540878,-34.293232,1.954257297165e-08,2.29,-25.73620002,star,famous,0,0000-01-01, ,,
Caph,243,243,243,95,HR21,2.294522,59.149781000000004,1.6790606079750003e-08,2.28,-25.41662317,star,famous,0,0000-01-01, ,,
Mintaka,244,244,244,191,HR1852,83.001667,-0.299095,2.1239581957650002e-07,2.25,-30.95702113,star,famous,0,0000-01-01, ,,
Eltanin,245,245,245,122,HR6705,269.151541,51.488896000000004,4.73218689818e-08,2.24,-27.70660075,star,famous,0,0000-01-01, ,,
Schedar,246,246,246,253,HR168,10.126838000000001,56.53733100000001,7.0005899973e-08,2.24,-28.55696452,star,famous,0,0000-01-01, ,,
Mizar,247,247,247,198,HR5054,200.981429,54.925362,2.63189768551e-08,2.23,-26.44263632,star,famous,0,0000-01-01, ,,
Sadr,248,248,248,246,HR7796,305.557091,40.256679,5.620136573099999e-07,2.23,-33.09002565,star,famous,0,0000-01-01, ,,
Suhail,249,249,249,267,HR3634,136.99899299999998,-43.432589,1.67009066829e-07,2.23,-30.45499155,star,famous,0,0000-01-01, ,,
Alphecca,250,250,250,45,HR5793,233.67195,26.714693,2.301850691015e-08,2.22,-26.16167706,star,famous,0,0000-01-01, ,,
Aspidiske,251,251,251,74,HR3699,139.272529,-59.275231999999995,2.3483199771e-07,2.21,-31.21507767,star,famous,0,0000-01-01, ,,
Naos,252,252,252,204,HR3165,120.89603100000001,-40.003147999999996,3.3235359144499997e-07,2.21,-31.96929319,star,famous,0,0000-01-01, ,,
Denebola,253,253,253,113,HR4534,177.26491000000001,14.572057999999998,1.1004117373e-08,2.14,-24.63906738,star,famous,0,0000-01-01, ,,
Polaris,254,254,254,218,HR424,37.954561,89.26410899999998,1.3267696423500002e-07,2.13,-30.05526894,star,famous,0,0000-01-01, ,,
Tiaki,255,255,255,283,HR8636,340.666876,-46.884576,5.4280212152e-08,2.12,-28.12449899,star,famous,0,0000-01-01, ,,
Almach,256,256,256,38,HR603,30.974804,42.329725,1.0885574647850001e-07,2.1,-29.65554811,star,famous,0,0000-01-01, ,,
Algol,257,257,257,27,HR936,47.042215,40.955648,2.75815911291e-08,2.09,-26.68438789,star,famous,0,0000-01-01, ,,
Rasalhague,258,258,258,231,HR6556,263.733627,12.560035000000001,1.4902194404550002e-08,2.08,-25.35754243,star,famous,0,0000-01-01, ,,
Shaula,259,259,259,258,HR6527,263.402167,-37.103823999999996,1.7519865329950002e-07,2.08,-30.70894512,star,famous,0,0000-01-01, ,,
Alpheratz,260,260,260,46,HR15,2.096916,29.090431,2.975563088125e-08,2.07,-26.86913712,star,famous,0,0000-01-01, ,,
Kochab,261,261,261,157,HR5563,222.676357,74.15550400000002,4.01599482256e-08,2.07,-27.52025703,star,famous,0,0000-01-01, ,,
Mirach,262,262,262,193,HR337,17.433013,35.620557,6.05559509865e-08,2.07,-28.41207545,star,famous,0,0000-01-01, ,,
Saiph,263,263,263,247,HR2004,86.93911999999996,-9.669605,1.9848895048e-07,2.07,-30.98997298,star,famous,0,0000-01-01, ,,
Menkent,264,264,264,180,HR5288,211.670617,-36.369958000000004,1.804119585545e-08,2.06,-25.79261791,star,famous,0,0000-01-01, ,,
Nunki,265,265,265,209,HR7121,283.8163600000001,-26.296723999999998,6.985923956199999e-08,2.05,-28.74241058,star,famous,0,0000-01-01, ,,
Diphda,266,266,266,115,HR188,10.897378999999999,-17.986606,2.954472269e-08,2.04,-26.883690899999998,star,famous,0,0000-01-01, ,,
Hamal,267,267,267,139,HR617,31.793357,23.462418,2.0185316995500002e-08,2.01,-26.08646918,star,famous,0,0000-01-01, ,,
Alphard,268,268,268,44,HR3748,141.896847,-8.658602,5.5300404123e-08,1.99,-28.29493283,star,famous,0,0000-01-01, ,,
Alsephina,269,269,269,51,HR3485,131.175944,-54.70881899999999,2.4706947648500002e-08,1.99,-26.54538678,star,famous,0,0000-01-01, ,,
Castor,270,270,270,96,HR2891,113.649428,31.888276,1.5601751566050006e-08,1.98,-25.557158100000002,star,famous,0,0000-01-01, ,,
Mirzam,271,271,271,196,HR2294,95.674939,-17.955919,1.51115454742e-07,1.98,-30.48783572,star,famous,0,0000-01-01, ,,
Peacock,272,272,272,212,HR7790,306.411904,-56.73509,5.4845631069000004e-08,1.94,-28.3270015,star,famous,0,0000-01-01, ,,
Alhena,273,273,273,29,HR2421,99.42796,16.399279999999994,3.352494337615e-08,1.93,-27.26813157,star,famous,0,0000-01-01, ,,
Atria,274,274,274,79,HR6217,252.16622900000002,-69.027712,1.1980650424850002e-07,1.91,-30.05369329,star,famous,0,0000-01-01, ,,
Menkalinan,275,275,275,178,HR2088,89.88217900000002,44.947433000000004,2.487899304195e-08,1.9,-26.6504553,star,famous,0,0000-01-01, ,,
Avior,276,276,276,80,HR3307,125.62848000000001,-59.50948399999999,1.856000575835e-07,1.86,-31.05418184,star,famous,0,0000-01-01, ,,
Sargas,277,277,277,249,HR6553,264.329711,-42.997824,9.2116418988e-08,1.86,-29.53297654,star,famous,0,0000-01-01, ,,
Alkaid,278,278,278,32,HR5191,206.885157,49.313266999999996,3.187967846785e-08,1.85,-27.23886097,star,famous,0,0000-01-01, ,,
Wezen,279,279,279,297,HR2693,107.09785,-26.3932,4.928001526649999e-07,1.83,-33.20464548,star,famous,0,0000-01-01, ,,
Dubhe,280,280,280,117,HR4301,165.931965,61.751034999999995,3.769345554925e-08,1.81,-27.64262107,star,famous,0,0000-01-01, ,,
Kaus Australis,281,281,281,151,HR6879,276.042993,-34.384615999999994,4.395361644565e-08,1.79,-27.99626438,star,famous,0,0000-01-01, ,,
Mirfak,282,282,282,195,HR1017,51.08070900000001,49.861179,1.55339178607e-07,1.79,-30.73769633,star,famous,0,0000-01-01, ,,
Alioth,283,283,283,30,HR4905,193.50728999999998,55.959823,2.531977500025e-08,1.76,-26.82859052,star,famous,0,0000-01-01, ,,
Alnitak,284,284,284,42,HR1948,85.18969399999997,-1.9425740000000002,2.2582038604899997e-07,1.74,-31.60010703,star,famous,0,0000-01-01, ,,
Alnair,285,285,285,39,HR8425,332.05827,-46.960974,3.09812421918e-08,1.73,-27.29678544,star,famous,0,0000-01-01, ,,
Alnilam,286,286,286,41,HR1903,84.053389,-1.201919,6.062935214749999e-07,1.69,-33.79470594,star,famous,0,0000-01-01, ,,
Miaplacidus,287,287,287,187,HR3685,138.299906,-69.717208,3.4711461150149994e-08,1.67,-27.60365578,star,famous,0,0000-01-01, ,,
Elnath,288,288,288,121,HR1791,81.572971,28.607452000000002,4.1066679403300014e-08,1.65,-27.98873925,star,famous,0,0000-01-01, ,,
Bellatrix,289,289,289,87,HR1790,81.282764,6.349703,7.742912620650001e-08,1.64,-29.3758131,star,famous,0,0000-01-01, ,,
Gacrux,290,290,290,131,HR4763,187.791498,-57.113213,2.716221314715e-08,1.59,-27.15111707,star,famous,0,0000-01-01, ,,
Adhara,291,291,291,7,HR2618,104.656453,-28.972085999999997,1.24271342905e-07,1.5,-30.54314626,star,famous,0,0000-01-01, ,,
Regulus,292,292,292,233,HR3982,152.092962,11.967209,2.4322497213150002e-08,1.36,-27.14133212,star,famous,0,0000-01-01, ,,
Acrux,293,293,293,4,HR4730,186.649563,-63.099093,9.8754620972e-08,1.33,-30.21407844,star,famous,0,0000-01-01, ,,
Deneb,294,294,294,111,HR7924,310.35798,45.280339,4.33066801012e-07,1.25,-33.50406577,star,famous,1,0000-01-01, ,,
Mimosa,295,295,295,188,HR4853,191.930263,-59.688764,8.5429915466e-08,1.25,-29.97934119,star,famous,0,0000-01-01, ,,
Fomalhaut,296,296,296,127,HR8728,344.412693,-29.622237,7.706527309550001e-09,1.17,-24.83558492,star,famous,0,0000-01-01, ,,
Pollux,297,297,297,221,HR2990,116.32895800000001,28.026199,1.03623815041e-08,1.16,-25.48858919,star,famous,0,0000-01-01, ,,
Antares,298,298,298,66,HR6134,247.351915,-26.432003,1.6984453484199998e-07,1.06,-31.66154919,star,famous,0,0000-01-01, ,,
Spica,299,299,299,264,HR5056,201.298247,-11.161319,7.659910491799999e-08,0.98,-30.01240978,star,famous,0,0000-01-01, ,,
Aldebaran,300,300,300,18,HR1457,68.980163,16.509301999999998,2.04410361749e-08,0.87,-27.25380584,star,famous,0,0000-01-01, ,,
Altair,301,301,301,54,HR7557,297.695827,8.868321,5.131491715649999e-09,0.76,-24.36250947,star,famous,1,0000-01-01,"Altair is one of three stars in the Summer Triangle, an asterism visible in the evening beginning around June, through the end of each year
.
Constellation: Aquila

Distance: 16.73 light years

Star Type: White Dwarf (A7 V)

Mass: 1.79 sol

Radius: 1.63 sol

Luminosity: 10.6 sol

Surface Temperature: 6,900K – 8,500K

Rotational Velocity: 286 km/s
Age: 1 billion years",,
Hadar,302,302,302,137,HR5267,210.955856,-60.373034999999994,1.20238498841e-07,0.61,-31.36150903,star,famous,0,0000-01-01, ,,
Achernar,303,303,303,1,HR472,24.428523000000002,-57.236753,4.276974391985e-08,0.45,-29.27697456,star,famous,0,0000-01-01, ,,
Betelgeuse,304,304,304,88,HR2061,88.792939,7.407064,1.527304290335e-07,0.45,-32.04091917,star,famous,0,0000-01-01, ,,
Procyon,305,305,305,225,HR2943,114.825493,5.224993,3.51554789945e-09,0.4,-23.90125641,star,famous,0,0000-01-01, ,,
Rigel,306,306,306,235,HR1713,78.634467,-8.201638,2.6465193394100003e-07,0.18,-33.50466667,star,famous,0,0000-01-01, ,,
Capella,307,307,307,94,HR1708,79.17232800000002,45.997991,1.3128403021850002e-08,0.08,-27.08235081,star,famous,0,0000-01-01, ,,
Vega,308,308,308,292,HR7001,279.234735,38.783689,7.68167327115e-09,0.03,-25.96857046,star,famous,1,0000-01-01,"Vega is one of three stars in the Summer Triangle, an asterism visible in the evening beginning around June, through the end of each year
.
Distance From Earth: 25 light years

Constellation: Lyra

Star Type: White main sequence star - A Class

Mass: 2.1 x Sun

Luminosity: Approx 40 x Sun

Diameter: Approx 3.5 x 10^(9) m - 2.5 x the Sun

Temperature: Approx 9,500C 

Age: Approx 500 million years old

Rotation Period: 12.5 hours",,
Rigil Kentaurus,309,309,309,236,HR5459,219.90206600000002,-60.833975,1.3253458622850001e-09,-0.01,-22.19293744,star,famous,0,0000-01-01,"Alpha Centauri A, along with Alpha Centauri B and Proxima Centauri (Alpha Centauri C) form the Alpha Centauri system. Alpha Centauri is considered a visual binary star, meaning it appears as one star with a visual magnitude of -0.28 when viewed with the naked eye, making it the third brightest star behind Sirius (-1.46) and Canopus (-0.72). Alpha Centauri A, on its own would appear to be the night sky’s fourth brightest star, with an apparent magnitude of 0.02.",,
Arcturus,310,310,310,67,HR5340,213.9153,19.182409,1.1261784423949998e-08,-0.05,-26.87932736,star,famous,0,0000-01-01, ,,
Canopus,311,311,311,93,HR2326,95.98795799999999,-52.695661,9.48231573795e-08,-0.62,-32.07586337,star,famous,1,0000-01-01,"The night sky’s second brightest star

Star Type: Yellow-white Supergiant (F0Ib)

Distance to Earth: 313 light years

Constellation: Carina

Surface temp.: 7,350K

Mass: 9.8 solar masses

Rotational Velocity: 8 km per second

Radius: 30.88 million miles (71.4 solar radii)

Luminosity: 15,100 times solar luminosity.",,
Sirius,312,312,312,261,HR2491,101.287155,-16.716116,2.6380747085600004e-09,-1.45,-25.12772676,star,famous,1,0000-01-01,"Sirius A:

Distance From Earth: 8.6 light years

Constellation: Canis Major

Star Type: Class A - Main sequence white star

Mass: 2.02 x Sun

Luminosity: 25 x Sun

Diameter: Approx 2.4 million km - 171% x Sun

Temperature: Approx 10,000C 

Age of System: Approx 240 million years old 


Sirius B:

Distance From Earth: 8.6 light years

Constellation: Canis Major

Star Type: White Dwarf

Mass: 0.98 x Sun

Luminosity: 3% of Sun

Diameter: Approx 11,800 km - 92% x Earth

Temperature: Approx 25,000C",,
