,objid,host name,ra,dec,date,dist,mabs,mapp,type,subtype,z
61,SNSDF0806-48,,5.962916667,27.5567,01/06/2008,7.93E+14,,,supernova,Ia,1.135
90,SNSDF0705-18,,6.009583333,27.53404167,01/05/2007,9.20E+14,,,supernova,CC,1.412
117,SNSDF0702-23,,6.031666667,27.55555278,01/02/2007,7.21E+14,,,supernova,CC,0.995
118,SNSDF0702-04,,5.934166667,27.584425,01/02/2007,7.54E+14,,,supernova,Ia,1.058
119,SNSDF0702-11,,6.09,27.75438333,01/02/2007,7.74E+14,,,supernova,Ia,1.096
155,SNSDF0503-04,,6.310833333,27.48791111,01/03/2005,6.79E+14,,,supernova,Ia,0.918
156,SNSDF0503-26,,6.119583333,27.74654722,01/03/2005,7.66E+14,,,supernova,Ia,1.08
157,SNSDF0503-24,,6.089583333,27.68624722,01/03/2005,7.91E+14,,,supernova,Ia,1.13
158,SN1895B,NGC 5253,204.9829167,-31.64194444,1895/07/07,1.31E+12,-20.1,7.07,supernova,Ia,0.0014
160,SN1885A,NGC 224,10.67916667,41.26777778,1885/08/17,9.11E+11,-15.3,9,supernova,I,-0.00097
340,SN2018cvs,,205.2832083,28.88651944,20/06/2018,9.60E+13,-18.986,19.4,supernova,Ia,0.1048
390,SN2018cqw,CGCG 113-034,274.3842083,19.44458056,18/06/2018,9.22E+12,-16.401,16.8,supernova,Ia,0.009843
750,SN2018ced,,164.612875,51.69573889,03/06/2018,6.36E+13,-19.26,18.2,supernova,Ia,0.0689
974,PS18tm,Abell 2104_14:[PSE2006] 0389,234.547375,-2.806761111,21/05/2018,8.91E+13,-18.51,19.71,supernova,,0.0971
1133,AT2018bqb,M63,3.913333333,42.09436944,13/05/2018,1.51E+12,-10.27,19,supernova,removed,0.001614
1332,AT2018bck,NGC 2592,126.7820833,25.96772222,28/04/2018,6.19E+12,-15.432,16.9,supernova,Candidate,0.006601
1708,AT2018ble,IC 3740,6.114583333,30.97786944,05/04/2018,8.31E+12,-16.57,16.4,supernova,removed,0.00887
1715,SN2018are,2MASX J13492678+2627426,207.362,26.46191944,05/04/2018,7.04E+13,-19.3847,18.3,supernova,Ia-91T,0.076358
1785,AT2018bli,NGC 4513,8.005833333,66.33355,29/03/2018,7.20E+12,-15.363,17.3,supernova,removed,0.007685
1894,AT2018ajo,PGC 29488,2.11375,12.31586111,19/03/2018,8.82E+11,,,supernova,Candidate,0.00094
2154,AT2018aip,,208.166125,15.054375,06/03/2018,8.64E+13,-19.3455,18.8,supernova,Candidate,0.094044
2200,SN2018yu,NGC 1888,80.63483333,-11.48718611,01/03/2018,7.60E+12,-18.88,13.9,supernova,Ia,0.008112
2257,SN2018xx,NGC 4767,193.4510417,-39.69696944,21/02/2018,9.35E+12,-18.13,15.1,supernova,Ia,0.00999
2302,AT2018bmh,2MASX J13351912+2920388,8.829583333,29.34422222,14/02/2018,5.82E+13,-17.6573,19.6,supernova,removed,0.062907
2403,SN2018pq,IC 3896A,193.880375,-50.05471111,08/02/2018,6.66E+12,-16.794,15.7,supernova,II,0.007111
2460,PS18ht,2MASX J00592247+1417447,14.84433333,14.29415556,04/02/2018,8.53E+13,-17.71,20.41,supernova,,0.0929
2662,SN2018is,NGC 5054,199.2389583,-16.61789722,20/01/2018,5.45E+12,-18.374,13.68,supernova,II,0.005811
2830,SN2018bbw,UGC 8155,195.8112917,7.802269444,10/01/2018,9.14E+12,-15.282,17.9,supernova,,0.009757
2959,SN2018ec,NGC 3256,156.9615417,-43.90175,03/01/2018,8.76E+12,-17.99,15.1,supernova,Ic,0.009354
3007,PS18d,NGC 678,27.359,22.00223611,01/01/2018,8.86E+12,-11.784,21.33,supernova,,0.009457
3030,SN2017jmk,NGC 7541,348.6879167,4.530861111,31/12/2017,8.87E+12,-15.41,17.71,supernova,II,0.00947
3629,SN2017iro,NGC 5480,211.5962917,50.72227778,30/11/2017,5.80E+12,-16.692,15.5,supernova,Ib,0.006191
3870,SN2017igf,NGC 3901,175.7077083,77.37026111,18/11/2017,5.27E+12,-16.233,15.75,supernova,Ia,0.005624
4442,SN2017hpi,AM 0813-284,123.9307917,-28.85551111,26/10/2017,5.31E+12,-16.708,15.29,supernova,II,0.005661
4469,AT2017hot,LEDA 1871316,9.581041667,29.58647222,24/10/2017,6.91E+13,-17.64,20,supernova,Candidate,0.0749
4598,SN2017hky,2MASX J11233086+6322,170.877125,63.36651111,16/10/2017,9.11E+12,-17.005,16.17,supernova,II,0.009725
4914,SN2017hai,,134.0545833,32.50983056,29/09/2017,5.64E+13,-18.28,18.91,supernova,Ia,0.0609
5799,SN2017gax,NGC 1672,71.45595833,-59.24515556,14/08/2017,4.16E+12,-17.43,14.04,supernova,Ib/c,0.00444
6004,AT2017fvz,NGC 6822,11.25416667,-14.78076111,02/08/2017,1.01E+11,,,supernova,Candidate,0.000108
6380,SN2017fgc,NGC 0474,20.06016667,3.402766667,11/07/2017,7.23E+12,,,supernova,Ia,0.007722
6591,Gaia17brl,,328.875875,-10.78108889,29/06/2017,8.23E+13,-19.3872,18.65,supernova,Candidate,0.089555
6713,Gaia17buj,,197.5075,-42.16015556,22/06/2017,9.45E+12,-16.5566,16.7,supernova,Candidate,0.010097
6714,Gaia17bst,MCG +00-26-27,152.9334167,-2.730488889,22/06/2017,9.98E+12,-14.7756,18.6,supernova,Candidate,0.010664
6957,SN2017emq,UGC 5369,150.077375,54.53974167,03/06/2017,4.92E+12,-16.222,15.61,supernova,Ia,0.005247
7045,SN2017ejb,NGC 4696,192.1500417,-41.32598056,28/05/2017,9.24E+12,-17.506,15.7,supernova,Ia-91bg,0.009867
7112,PS17dea,CGCG 050-116,238.021375,4.514794444,26/05/2017,7.35E+13,-17.7703,20.01,supernova,,0.079735
7342,SN2017eaw,NGC 6946,308.6843333,60.19330556,14/05/2017,1.25E+11,-11.71,12.14,supernova,II P,0.000133
7499,SN2017drh,NGC 6384,263.1085417,7.0632,03/05/2017,5.21E+12,-15.336,16.62,supernova,Ia,0.005554
7897,SN2017cyy,ESO 091-015,144.15125,-63.94852222,12/04/2017,9.16E+12,-18.287,14.9,supernova,Ia,0.009777
8043,Gaia17aye,,345.9750833,-32.45978056,05/04/2017,8.06E+13,-19.37,18.62,supernova,Candidate,0.0876
8378,SN2017ckd,2MASX J14201616+1520386,215.0695417,15.34154722,25/03/2017,6.31E+13,-19.2197,18.22,supernova,Ia,0.068334
8764,SN2017bzb,NGC 7424,344.3220833,-41.016,07/03/2017,2.94E+12,-17.731,12.98,supernova,II,0.003132
8765,SN2017bzc,NGC 7552,349.0612083,-42.56969444,07/03/2017,5.03E+12,-19.681,12.2,supernova,Ia,0.005365
8987,SN2017byc,,227.5059167,7.778886111,24/02/2017,4.30E+13,-18.482,18.1,supernova,Ia,0.04627
9108,MLS170221:101616+355433,PGC 2071897,154.0671292,35.90916944,21/02/2017,8.24E+13,,,supernova,Candidate,0.089632
9377,SN2017ahn,NGC 3318,159.3227083,-41.61813056,08/02/2017,8.67E+12,-17.267,15.8,supernova,II,0.009255
9977,SN2017mu,GALEXASC J093036.72+212437.4,142.6524167,21.41175556,21/01/2017,7.51E+13,-18.89,18.94,supernova,Ia,0.0815
10132,SN2017aym,NGC 5690,219.4240833,2.285680556,13/01/2017,5.56E+12,-14.188,17.91,supernova,II P,0.005928
10190,SN2017jd,IC 5334,353.6519583,-4.534533333,09/01/2017,6.90E+12,-17.971,14.6,supernova,Ia,0.007368
10417,ASASSN-16pq,NGC 3485,165.0142917,14.84148889,31/12/2016,4.49E+12,-14.63,17,supernova,,0.00479
10430,SN2016jfu,NGC 4793,193.6775,28.94055556,30/12/2016,7.76E+12,-16.066,16.76,supernova,II P,0.008286
10612,SN2016iyz,IC 2151,88.15595833,-17.78695,20/12/2016,9.88E+12,-16.0834,17.27,supernova,II,0.010556
10795,ASASSN-16oh,,29.43183333,-73.62568889,02/12/2016,6.94E+11,-10.7,16.9,supernova,,0.00074
11136,PS16fhb,2MASX J08172477+2252420,124.3529167,22.87531667,08/11/2016,8.84E+13,-17.2973,20.9,supernova,,0.096271
11141,GRB 161108A,,0.775833333,24.905,08/11/2016,8.05E+14,,,supernova,LGRB,1.159
11177,AT2016ijb,IC 1613,16.11170833,2.173030556,05/11/2016,7.33E+11,,19.4,supernova,Candidate,-0.000781
11717,AT2016hbq,M32,10.62125,40.88415,07/10/2016,1.69E+11,,,supernova,Candidate,0.00018
11843,SN2016gsb,ESO 555- G 029,91.11725,-20.34026111,29/09/2016,9.04E+12,-18.76,14.4,supernova,Ia,0.00965
11849,AT2016gqw,NGC 2841,140.4949167,50.95533333,28/09/2016,3.26E+12,-12.64,18.3,supernova,Candidate,0.00348
12042,AT2016gky,UGC 11651,314.2925,25.96446944,20/09/2016,4.77E+12,-12.464,19.3,supernova,Candidate,0.005084
12858,Gaia16ayf,CGMW 5-04913,278.3279167,10.60183333,04/08/2016,9.89E+12,-16.0239,17.33,supernova,Candidate,0.010558
13053,SN2016eiy,ESO 509-IG 064,203.661,-23.68143056,26/07/2016,8.11E+12,-17.813,15.11,supernova,Ia,0.008663
13206,ASASSN-16hf,M31,11.17125,40.14324444,14/07/2016,9.40E+11,,,supernova,,-0.001001
13692,SNhunt320,IC 767,182.7617083,12.10415,16/06/2016,5.92E+12,-14.536,17.7,supernova,,0.006318
13988,SN2016coi,UGC 11868,329.76725,18.18625,27/05/2016,3.42E+12,-17.591,13.45,supernova,Ic BL,0.003646
14124,SN2016cdd,ESO 218-G008,187.9735,-51.74745278,14/05/2016,8.18E+12,-16.84,16.1,supernova,Ib,0.008731
14497,SN2016brx,NGC 7391,342.6417917,-1.542361111,19/04/2016,9.52E+12,-17.1717,16.1,supernova,Ia-91bg,0.010167
14565,SN2016bmi,IC 4721,8.634166667,-58.52911111,14/04/2016,6.98E+12,-16.096,16.5,supernova,II P,0.007455
14959,SN2016bkx,MRK 7,7.045833333,72.57541111,24/03/2016,9.60E+12,-16.929,16.36,supernova,II P,0.01025
15147,SN2016bau,NGC 3631,170.2459167,53.17377778,13/03/2016,3.62E+12,-15.943,15.22,supernova,Ib,0.003856
15314,AT2016bar,MCG +09-20-097,181.7804167,53.66841667,05/03/2016,5.45E+13,-17.83,19.28,supernova,Candidate,0.0589
15579,SN2016aqf,NGC 2101,86.5996125,-52.08857222,26/02/2016,3.77E+12,-17.061,14.19,supernova,II,0.004016
15873,SN2016bfy,,171.5432125,44.3448,10/02/2016,8.60E+13,-17.237,20.9,supernova,Ia,0.09369
16036,SN2016aai,MCG -02-33-20,192.6167917,-10.84139444,04/02/2016,7.47E+12,-16.342,16.4,supernova,II P,0.007972
16668,SN2016G,NGC 1171,45.99058333,43.40097222,09/01/2016,8.57E+12,-17.701,15.34,supernova,Ic BL,0.009146
17389,PS16bkl,NGC 6004,237.6055833,18.93541667,07/12/2015,8.65E+12,-12.97,20.09,supernova,II,0.00924
17413,SN2015be,NGC 1843,3.525833333,-10.625,06/12/2015,8.13E+12,-14.93,18,supernova,II P,0.00868
17907,GRB 151031A,,8.189166667,-39.125,31/10/2015,8.09E+14,,,supernova,LGRB,1.167
17932,GRB 151029A,,8.537083333,-35.356,29/10/2015,9.25E+14,,,supernova,LGRB,1.423
18288,ASASSN-15qh,ESO 534-G024,341.3050833,-22.72772778,04/10/2015,9.56E+12,-16.6102,16.67,supernova,II,0.010207
18528,GRB 150910A,,5.677083333,33.466,10/09/2015,8.97E+14,,,supernova,LGRB,1.359
18670,ASASSN-15oz,HIPASS J1919-33,289.8895417,-33.76722222,31/08/2015,6.49E+12,-17.937,14.5,supernova,II,0.006929
19442,Howerton-A38,IC 1055,11.83666667,-13.725,21/06/2015,8.25E+12,,,supernova,,0.00881
20005,SN2015I,NGC 2357,109.4404167,23.34461111,02/05/2015,7.11E+12,-18.925,13.71,supernova,Ia,0.007589
20211,AT2015ck,SDSS J111933.80+254348.5,169.8915833,25.7296,12/04/2015,8.41E+13,-18.084,20,supernova,Candidate,0.09149
20345,ASASSN-15ga,NGC 4866,194.8637167,14.17105278,30/03/2015,6.21E+12,-17.302,15.04,supernova,Ia,0.006631
20501,SN2015G,NGC 6951,9.356666667,66.11986111,23/03/2015,4.45E+12,-16.12,15.5,supernova,Ibn,0.00475
20656,SN2015bp,NGC 5839,226.3752917,1.634,16/03/2015,3.82E+12,-17.64,13.64,supernova,Ia,0.004069
20739,SN2015F,NGC 2442,9.065833333,-69.50638889,09/03/2015,5.07E+12,-18.8,13.1,supernova,Ia,0.00541
20767,GRB 150301B,,14.15916667,-57.969,01/03/2015,9.63E+14,,,supernova,LGRB,1.5169
21360,PSN J13522411+3941286,NGC 5337,13.10041667,39.69127778,09/01/2015,6.77E+12,-16.927,15.6,supernova,IIn,0.007222
21374,ASASSN-15bd,SDSS J155438.39+163637.6,238.6597083,16.61058333,08/01/2015,7.44E+12,-16.535,16.2,supernova,IIb,0.007946
21538,GRB 141221A,,3.282916667,8.197,21/12/2014,9.37E+14,,,supernova,LGRB,1.452
21605,GRB 141220A,,0.057916667,32.146,20/12/2014,8.80E+14,,,supernova,LGRB,1.3195
21902,GRB 141121A,,2.665,22.206,21/11/2014,9.44E+14,,,supernova,LGRB,1.47
21978,SN2014dw,NGC 3568,2.701666667,-37.45061111,06/11/2014,7.64E+12,-17.291,15.5,supernova,II,0.008152
21993,SN Refsdal,,177.4000417,22.39670278,03/11/2014,9.53E+14,-18.839,25.4,supernova,,1.491
22020,MASTER OT J120451.50+265946.6,NGC 4080,181.2145833,26.99627778,28/10/2014,1.77E+12,-15.44,14.17,supernova,Ib,0.00189
22330,SN2014cx,NGC 337,14.94929167,-7.571833333,02/09/2014,5.15E+12,-18.83,13.1,supernova,II P,0.00549
22343,SN2014cy,NGC 7742,11.06666667,10.77013889,31/08/2014,5.20E+12,-16.153,15.8,supernova,II P,0.005547
22481,ASASSN-14eb,NGC 6909,6.854583333,-47.01625,19/07/2014,7.22E+12,-16.469,16.2,supernova,,0.007708
22499,ASASSN-14dp,ESO 319-G15,170.4935417,-37.90680556,07/07/2014,8.58E+12,-16.844,16.2,supernova,II,0.009159
22528,SN2014ck,UGC 12182,11.41208333,73.16186111,29/06/2014,4.66E+12,-15.51,16.2,supernova,Ia Pec,0.00497
22568,SN2014bv,NGC 4386,6.129166667,75.53572222,18/06/2014,5.24E+12,-18.172,13.8,supernova,Ia,0.005594
22576,SN2014cl,IC 217,4.037916667,-11.93405556,16/06/2014,5.91E+12,-14.732,17.5,supernova,IIb,0.006304
22638,ASASSN-14az,PGC 1101367,356.2,-2.117547222,20/05/2014,6.31E+12,-16.734,15.64,supernova,IIb,0.006731
22652,GRB 140515A,,6.070833333,15.099,15/05/2014,1.84E+15,,,supernova,LGRB,6.32
22658,GRB 140512A,,4.365833333,-15.087,12/05/2014,5.65E+14,,,supernova,LGRB,0.725
22670,PSN J10275082-4354034,NGC 3256,6.961666667,-43.90094444,07/05/2014,7.93E+12,-17.27,15.6,supernova,,0.00847
22699,GRB 140430A,,12.94208333,23.033,30/04/2014,9.96E+14,,,supernova,LGRB,1.6
22728,GRB 140423A,,2.275833333,49.838,23/04/2014,1.45E+15,,,supernova,LGRB,3.26
22912,PSN J11442333+5502337,NGC 3846A,11.09708333,55.04269444,19/03/2014,5.36E+12,-15.52,16.5,supernova,,0.00572
23305,SN2014J,NGC 3034,148.9255,69.67386111,21/01/2014,6.35E+11,-18.4,8.98,supernova,Ia,0.000677
23510,SN2014B,NGC 4939,1.07375,-10.33366667,02/01/2014,9.71E+12,-16.315,17,supernova,II P,0.01037
23650,PSN J14041297-0938168,IC 4363,1.054166667,-9.638,20/12/2013,2.65E+12,-13.99,16.5,supernova,IIn,0.002829
23716,SN2013hg,A120955+2953,2.482083333,29.89758333,10/12/2013,1.91E+12,-14.57,15.2,supernova,Ia,0.002031
24249,SN2013fv,UGC 2789,9.067083333,67.57102778,11/10/2013,9.79E+12,-15.8329,17.5,supernova,II,0.010457
24539,GRB 130907A,,5.897916667,45.602,07/09/2013,8.43E+14,,,supernova,LGRB,1.238
24702,SN2013ex,NGC 1954,83.19425,-14.04594722,19/08/2013,9.78E+12,-18.8896,14.44,supernova,Ia,0.010441
24728,SN2013eu,UGC 5609,6.092916667,78.60652778,11/08/2013,8.68E+12,-17.97,15.1,supernova,Ia,0.009266
24867,SN2013dy,NGC 7250,4.573333333,40.56933333,10/07/2013,3.65E+12,-18.381,12.8,supernova,Ia,0.003889
24908,GRB 130701A,,12.22416667,36.1,01/07/2013,8.03E+14,,,supernova,LGRB,1.155
25040,GRB 130606A,,9.39,29.796,06/06/2013,1.80E+15,,,supernova,LGRB,5.91
25129,GRB 130511A,,1.654166667,18.709,11/05/2013,8.72E+14,,,supernova,LGRB,1.3033
25130,SN2013ct,NGC 428,18.22883333,0.979361111,10/05/2013,3.60E+12,-18.955,12.2,supernova,Ia,0.003843
25156,SN2013cg,NGC 2891,6.736666667,-24.78322222,06/05/2013,7.45E+12,-19.437,13.3,supernova,Ia,0.007952
25157,SN2013co,A125550+3030,13.96041667,30.51152778,06/05/2013,4.61E+13,-19.04,17.7,supernova,Ic,0.049724
25221,SN2013by,ESO 138-G10,14.76,-60.19494444,23/04/2013,3.58E+12,-18.38,12.47,supernova,II,0.003816
25231,GRB 130420A,,1.117916667,59.421,20/04/2013,8.70E+14,,,supernova,LGRB,1.297
25245,GRB 130418A,,14.045,13.674,18/04/2013,8.33E+14,,,supernova,LGRB,1.218
25290,GRB 130408A,,14.39791667,-32.363,08/04/2013,1.53E+15,,,supernova,LGRB,3.758
25382,SN2013am,NGC 3623,169.7372917,13.06372222,21/03/2013,2.52E+12,-15.492,14.89,supernova,II,0.002692
25581,PS1-13or,,13.66791667,2.195066667,02/02/2013,9.64E+14,-22.63,21.65,supernova,,1.52
25604,GRB 130131B,,8.957083333,15.033,31/01/2013,1.29E+15,,,supernova,LGRB,2.539
25631,SN2013K,ESO 9-G10,9.88125,-85.31058333,20/01/2013,7.56E+12,-15.068,17.7,supernova,II P,0.008066
25682,SN2013E,IC 2532,0.022916667,-34.23369444,04/01/2013,8.82E+12,-19.244,13.86,supernova,Ia,0.009413
25742,SN2012ht,NGC 3447,13.345,16.77636111,18/12/2012,3.34E+12,-18.079,12.91,supernova,Ia,0.003559
25752,SN2012hs,ESO 213-G2,12.31125,-47.91266667,15/12/2012,6.02E+12,-17.773,14.5,supernova,II,0.006424
26008,SN2012fh,NGC 3344,10.89166667,24.89138889,18/10/2012,1.82E+12,-17.684,11.98,supernova,Ic,0.001935
26092,PS1-12bmy,,8.554583333,-26.52144722,04/10/2012,9.85E+14,-22.315,22.03,supernova,,1.572
26246,SN2012es,NGC 5597,6.12125,-16.76088889,12/08/2012,8.38E+12,-17.19,15.8,supernova,IIb,0.00895
26250,SN2012ec,NGC 1084,41.49954167,-7.573611111,11/08/2012,4.40E+12,-18,13.59,supernova,II P,0.004693
26271,PTF12hmx,,11.7875,0.174444444,07/08/2012,7.83E+13,-19.12,18.8,supernova,Ia,0.0851
26272,PTF12hni,,7.982916667,-6.796944444,07/08/2012,9.67E+13,-19.952,18.45,supernova,Ic,0.1056
26299,SN2009ip,NGC 7259,335.7845833,-28.94777778,24/07/2012,5.57E+12,-20.094,12.01,supernova,IIn,0.005944
26302,GRB 120724A,,5.192916667,3.535,24/07/2012,9.48E+14,,,supernova,LGRB,1.48
26482,SN2012cg,NGC 4424,6.803333333,9.420333333,17/05/2012,1.37E+12,-17.35,11.7,supernova,Ia,0.001458
26518,PTF12egm,,13.42458333,47.29525,14/05/2012,9.24E+13,-18.399,19.9,supernova,Ia,0.1008
26533,PTF12efk,,6.182916667,31.86031667,11/05/2012,8.55E+13,-18.87,19.25,supernova,II,0.0931
26560,SN2012cc,NGC 4419,6.736666667,15.04597222,29/04/2012,8.01E+11,,15,supernova,II,-0.0008536
26811,SN2012aw,NGC 3351,160.9738958,11.67156389,16/03/2012,2.43E+12,-18.342,11.96,supernova,II P,0.002595
27111,SN2012A,NGC 3239,6.280833333,17.15405556,07/01/2012,1.87E+12,-17.13,12.6,supernova,II P,0.00199
27168,GRB 111229A,,1.560833333,-84.687,29/12/2011,9.06E+14,,,supernova,LGRB,1.3805
27231,PS1-11bdn,,6.442916667,-5.065713889,01/12/2011,5.73E+14,-22.21,20.54,supernova,,0.738
27325,PS1-11bam,,10.30916667,44.03248611,13/11/2011,9.82E+14,-22.446,21.89,supernova,,1.565
27628,SN2011fe,NGC 5457,210.7737958,54.27367222,24/08/2011,7.54E+11,-18.28,9.48,supernova,Ia,0.000804
27667,GRB 110808A,,12.32208333,-44.177,08/08/2011,8.92E+14,,,supernova,LGRB,1.348
27696,GRB 110731A,,10.51291667,-28.536,31/07/2011,1.36E+15,,,supernova,LGRB,2.83
27717,GRB 110726A,,1.712916667,56.07,26/07/2011,7.43E+14,,,supernova,LGRB,1.036
27768,PSN J22060421+4715403,UGC 11909,1.5175,47.26116667,07/07/2011,3.04E+12,-11.888,18.9,supernova,,0.003245
27785,PS1-11aib,,4.550833333,1.558891667,29/06/2011,7.22E+14,-21.98,21.42,supernova,,0.997
28255,SN2011at,MCG -02-24-27,142.2398333,-14.80572222,10/03/2011,6.33E+12,-18.293,14.09,supernova,Ia,0.006758
28272,SNhunt44,UGC 7577,6.92125,43.495,08/03/2011,5.50E+11,,,supernova,LRV?,0.0005864
28339,SN2011ae,MCG -03-30-19,178.7052083,-16.86211111,12/02/2011,5.67E+12,-19.141,13,supernova,Ia,0.006046
28483,PTF11ao,,119.9904583,33.30080556,11/01/2011,9.93E+13,-18.942,19.52,supernova,Ia,0.1085
28497,SN2011B,NGC 2655,133.9504167,78.21711111,07/01/2011,4.38E+12,-19.19,12.39,supernova,Ia,0.00467
28785,SN Primo,,53.158375,-27.77752222,10/10/2010,9.74E+14,-20.31,24,supernova,Ia,1.545
28948,PS1-10afx,,332.850675,0.162080556,31/08/2010,9.10E+14,-20.3634,23.73,supernova,Lensed SN Ia,1.3883
29064,PS1-11tt,,243.1907417,54.07137778,29/07/2010,8.63E+14,-21.277,22.654,supernova,SLSN-I,1.283
29065,GRB 100728A,,13.75291667,-15.259,28/07/2010,9.83E+14,,,supernova,LGRB,1.567
29121,PTF10nkd,,236.3392083,52.23069444,01/07/2010,6.25E+13,-17.93,19.49,supernova,Ia,0.0676
29131,PTF10nda,,209.2905417,61.25252778,27/06/2010,9.23E+13,-19.2363,19.06,supernova,Ia,0.10067
29170,GRB 100615A,,12.20791667,-19.483,15/06/2010,9.14E+14,,,supernova,LGRB,1.398
29233,PTF10icb,MCG +10-19-01,193.7048333,58.88197222,30/05/2010,8.00E+12,-18.813,14.08,supernova,Ia,0.008544
29252,PTF10ifj,,214.841375,34.35397222,20/05/2010,7.05E+13,-19.328,18.36,supernova,Ia,0.07647
29359,PTF10fxp,,205.6783333,65.30202778,25/04/2010,9.57E+13,-19.1377,19.24,supernova,Ia,0.10443
29364,GRB 100424A,,14.45291667,1.512,24/04/2010,1.27E+15,,,supernova,LGRB,2.465
29444,SN2010as,NGC 6000,12.455,-29.38602778,19/03/2010,6.85E+12,-17,15.2,supernova,Ib/c,0.007315
29462,GRB 100316B,,13.49916667,-45.464,16/03/2010,8.15E+14,,,supernova,LGRB,1.18
29523,SN2010ae,ESO 162-G17,3.9775,-57.34358333,22/02/2010,3.43E+12,-14,15.9,supernova,Ia-02cx,0.003662
29847,GRB 090926B,,1.31,-38.997,26/09/2009,8.44E+14,,,supernova,LGRB,1.24
29903,SN2009ig,NGC 1015,39.54841667,-1.312583333,20/08/2009,7.77E+12,-19.6,13,supernova,Ia,0.00829
29907,PSN J03320724+4747396,UGC 2773,8.03,47.79433333,18/08/2009,9.29E+11,-10.6,17.6,supernova,II/LBV,0.00099
30086,GRB 090429B,,0.672083333,32.167,29/04/2009,2.04E+15,,,supernova,LGRB,9.4
30102,GRB 090423A,,13.89083333,18.165,23/04/2009,1.96E+15,,,supernova,LGRB,8
30117,GRB 090418A,,14.32,33.407,18/04/2009,9.99E+14,,,supernova,LGRB,1.608
30129,GRB 090407A,,8.979166667,-12.684,07/04/2009,9.35E+14,,,supernova,LGRB,1.4485
30244,COVET-090218F,,7.62625,14.05022222,18/02/2009,3.75E+11,-3.1,23.1,supernova,,0.0004
30284,SN2009N,NGC 4487,187.7894167,-8.048972222,24/01/2009,3.23E+12,-15.9,15.34,supernova,II P,0.003449
30310,GRB 090102A,,8.247916667,33.107,02/01/2009,9.75E+14,,,supernova,LGRB,1.547
30372,SN2008hy,IC 334,56.28520833,76.66541667,06/12/2008,7.92E+12,-18.5,14.3,supernova,Ia,0.008459
30417,SN2008ha,UGC 12682,353.7195417,18.2265,07/11/2008,4.33E+12,-14,17.02,supernova,Ia-02cx,0.004623
30438,GRB 081029A,,1.775833333,-68.179,29/10/2008,1.55E+15,,,supernova,LGRB,3.8479
30461,SN2008ge,NGC 1527,2.102916667,-47.8965,08/10/2008,3.67E+12,-17.5,13.82,supernova,Ia-02cx,0.003916
30516,GRB 080913A,,5.740833333,-25.127,13/09/2008,1.85E+15,,,supernova,LGRB,6.44
30588,GRB 080805A,,14.23083333,-62.433,05/08/2008,9.58E+14,,,supernova,LGRB,1.505
30612,SNF20080725-004,,9.34125,19.93141667,25/07/2008,5.11E+13,-18.169,18.8,supernova,Ia,0.05519
30634,GRB 080710A,,8.259166667,19.484,10/07/2008,6.38E+14,,,supernova,LGRB,0.845
30723,SNF20080522-004,,197.8876083,-18.66447222,22/05/2008,9.73E+13,-18.6158,19.8,supernova,Ia,0.10624
30724,SN2008cn,NGC 4603,10.23208333,-40.97002778,21/05/2008,8.10E+12,-17,15.3,supernova,II,0.008647
30780,SN2008cd,NGC 5038,198.7572917,-15.95188889,29/04/2008,6.94E+12,-16.004,16.58,supernova,Ia,0.007412
30791,SN2008bv,UGC 4653,13.4775,35.14930556,19/04/2008,5.18E+13,-18.696,18.3,supernova,Ia,0.055865
30838,GRB 080330A,,4.277916667,30.607,30/03/2008,9.60E+14,,,supernova,LGRB,1.51
30844,SN2008bk,NGC 7793,359.4600833,-32.55597222,25/03/2008,7.12E+11,-15,12.83,supernova,II P,0.000759
30958,SN2008S,NGC 6946,8.689166667,60.09938889,01/02/2008,1.50E+11,-9.3,14.95,supernova,IIn-pec/LBV,0.00016
31017,SN2007sr,NGC 4038,180.47,-18.97269444,18/12/2007,5.08E+12,-18.2,12.79,supernova,Ia,0.005417
31071,GRB 071117A,,5.025833333,-63.442,17/11/2007,8.85E+14,,,supernova,LGRB,1.331
31101,ESSENCEy155,,1.98375,0.294856667,12/11/2007,6.09E+14,,,supernova,PISN?,0.7973
31239,SDSS-II SN 21388,SDSS J01233.30+000305.5,3.138708333,0.051611111,04/11/2007,4.61E+14,-19.4848,22.68,supernova,Ia,0.56665
31254,SN2007od,UGC 12846,13.95291667,18.41522222,02/11/2007,5.49E+12,-18.4,13.46,supernova,II P,0.00586
31255,SDSS-II SN 21663,SDSS J15852.72+000000.8,29.7196,0.000222222,02/11/2007,3.73E+13,-15.69,20.58,supernova,Ia,0.0401
31529,SDSS-II SN 19201,SDSS J25701.47+002011.8,14.25708333,0.336568056,13/10/2007,9.18E+13,-17.0142,21.27,supernova,II,0.100119
31670,SN2007nc,SDSS J00109.19+010409.4,0.28875,1.068472222,08/10/2007,7.98E+13,-17.5279,20.44,supernova,Ib,0.086794
31808,SNF20071003-000,,0.708333333,-22.53502778,03/10/2007,8.97E+13,-18.833,19.4,supernova,Ia,0.09782
31848,SDSS-II SN 19045,SDSS J12603.91+002511.6,6.517916667,0.419236,30/09/2007,8.49E+13,-16.478,21.63,supernova,Ib/c,0.09247
31913,SN2007lg,SDSS J04603.93-000038.4,11.516375,-0.010805556,22/09/2007,8.77E+13,-19.06,19.12,supernova,Ia,0.0955
32013,SNLS-07D1cc,,6.320416667,-4.113805556,16/09/2007,6.42E+14,,,supernova,Ia,0.853
32365,SNF20070910-005,,1.197083333,4.518919444,10/09/2007,9.70E+13,,,supernova,,0.10592
32368,SNLS-07D4dr,,3.679583333,-17.30947222,10/09/2007,5.94E+14,,,supernova,Ia,0.772
32634,SDSS-II SN 17466,SDSS J14609.91+000043.1,11.5425,0.011566667,04/09/2007,7.45E+13,-17.5023,20.31,supernova,II,0.080898
32802,SN2007jm,SDSS J15538.80-001034.1,328.911,-0.176748,03/09/2007,8.38E+13,-18.8162,19.26,supernova,II,0.091147
32909,GRB 070810A,,9.947083333,10.747,10/08/2007,1.19E+15,,,supernova,LGRB,2.17
33122,SN2007bm,NGC 3672,171.2595833,-9.798277778,20/04/2007,5.82E+12,-18,13.73,supernova,Ia,0.006211
33173,SNF20070403-001,,1.434166667,18.31764444,03/04/2007,7.40E+13,,,supernova,Ia,0.08034
33191,SNLS-07D3cn,,214.071875,52.53961111,24/03/2007,6.68E+14,,,supernova,Ia,0.898
33197,SN2007av,NGC 3279,158.6799167,11.19419444,20/03/2007,4.35E+12,-18.2,14.07,supernova,II,0.00464
33228,GRB 070306A,,13.15416667,10.44,06/03/2007,9.55E+14,,,supernova,LGRB,1.497
33230,SN2007af,NGC 5584,215.587625,-0.393777778,01/03/2007,5.12E+12,-18.3,13.05,supernova,Ia,0.005464
33253,SNLS-07D2be,,0.535,2.666833333,19/02/2007,6.07E+14,,,supernova,Ia?,0.793
33300,SN2007C,NGC 4981,197.2054167,-6.783611111,07/01/2007,5.26E+12,-17.3,14.31,supernova,Ib,0.005611
33392,GRB 061121A,,12.22791667,-13.188,21/11/2006,8.77E+14,,,supernova,LGRB,1.314
33393,SN2006qj,A201105-0019,302.773375,-0.319944444,20/11/2006,9.95E+13,-18.167,20.3,supernova,Ia,0.1087
33543,SN2006my,NGC 4651,10.91958333,16.38725,08/11/2006,2.59E+12,-17.4,14,supernova,II,0.00276
33545,SN2006ne,SDSS J11337.58+002525.5,18.40766667,0.423861111,08/11/2006,4.37E+13,-18.0377,18.58,supernova,Ia,0.047032
33587,SDSS-II SN 15757,SDSS J02536.88+001437.1,6.402916667,0.243246111,31/10/2006,6.52E+13,-17.4533,20.06,supernova,Ib/c,0.070652
33714,SDSS-II SN 15970,SDSS J20957.36+002615.9,32.4897,0.437773056,22/10/2006,9.55E+13,-17.1733,21.2,supernova,II,0.104225
34203,GRB 060927A,,14.54708333,5.37,27/09/2006,1.77E+15,,,supernova,LGRB,5.6
34706,GRB 060906A,,10.70916667,30.362,06/09/2006,1.52E+15,,,supernova,LGRB,3.685
34995,Jennie,,35.75034167,-4.600844444,18/08/2006,8.30E+14,-19.513,24.3,supernova,Ia,1.212
35007,SNLS-06D4eu,,333.9762083,-18.17933333,27/07/2006,9.91E+14,-22.475,21.89,supernova,SLSN,1.588
35022,GRB 060719A,,3.42,-48.381,19/07/2006,9.69E+14,,,supernova,LGRB,1.532
35056,Aki,CXO J221601.1-173722,334.0044875,-17.62280278,19/06/2006,8.21E+14,-19.808,23.97,supernova,Ia,1.192
35085,GRB 060602A,,14.57916667,0.313888889,02/06/2006,6.03E+14,,,supernova,LGRB,0.787
35113,GRB 060522A,,7.954166667,2.895,22/05/2006,1.72E+15,,,supernova,LGRB,5.11
35137,GRB 060510B,,14.25916667,78.591,10/05/2006,1.69E+15,,,supernova,LGRB,4.9
35173,Shaya,SDWFS J142918.75+343837.8,217.3280958,34.64371667,22/04/2006,8.93E+14,-20.22,23.82,supernova,Ia,1.35
35177,GRB 060418A,,11.43083333,-3.64,18/04/2006,9.52E+14,,,supernova,LGRB,1.49
35179,SN2006bp,NGC 3953,13.48208333,52.35261111,09/04/2006,3.29E+12,-16.7,14.49,supernova,II,0.003509
35191,SN2006bh,NGC 7329,340.0670833,-66.48508333,02/04/2006,9.82E+12,-18.8,14.38,supernova,Ia,0.010493
35217,SN2006au,UGC 11057,14.30666667,12.18422222,07/03/2006,8.97E+12,-17.52,15.62,supernova,II,0.00958
35245,GRB 060223A,,10.18583333,-17.134,23/02/2006,1.63E+15,,,supernova,LGRB,4.41
35271,SN2006X,NGC 4321,185.7247083,15.80888889,04/02/2006,4.91E+12,-18.5,12.53,supernova,Ia,0.00524
35280,SNLS-06D3cb,,5.181666667,52.19106389,02/02/2006,7.44E+14,-20.235,23.25,supernova,Ia,1.037
35295,GRB 060123A,,179.75,45.513,23/01/2006,7.75E+14,,,supernova,LGRB,1.099
35306,Tomo,FLX J143808.38+341417.6,9.535,34.23835556,16/01/2006,9.21E+14,-19.772,24.36,supernova,Ia,1.415
35340,SNLS-05D2ob,,14.75291667,1.848983333,27/12/2005,6.83E+14,-19.6,23.64,supernova,Ia,0.924
35361,Caleb,[EBG2008] ser J143228.7+333210,218.1197833,33.536125,12/12/2005,7.81E+14,-19.83,23.8,supernova,Ia,1.11
35374,SNLS-05D2my,,14.63083333,2.491222222,03/12/2005,7.14E+14,-20.04,23.33,supernova,Ia,0.981
35427,SN2005mn,SDSS J34918.34-004129.4,57.32683333,-0.692083333,23/11/2005,4.40E+13,-16.9734,19.66,supernova,Ib,0.047368
35472,SN2005ke,NGC 1371,53.768125,-24.94411111,13/11/2005,4.57E+12,-18.2,13.92,supernova,Ia Pec,0.00488
35480,SDSS-II SN 10976,SDSS J12841.39-005318.7,22.17058333,-0.889222222,12/11/2005,8.78E+13,-17.8419,20.34,supernova,II,0.095606
35485,SDSS-II SN 10928,SDSS J02642.60-004814.7,6.677208333,-0.803833333,11/11/2005,7.54E+13,-18.0891,19.75,supernova,II,0.081883
35527,SNLS-05D4gw,,3.6975,-17.5319,04/11/2005,6.16E+14,-19.61,23.34,supernova,Ia,0.808
35612,SN2005ir,SDSS J11643.86+004737.1,19.1823,0.794544444,28/10/2005,6.94E+13,-19.3126,18.34,supernova,Ia,0.075254
35939,Maggie,,5.44375,-3.382272222,10/10/2005,8.78E+14,-20.082,23.9,supernova,Ia,1.315
35968,SN2005ew,NSF J033923.74+350249.0,9.84875,35.04694444,04/10/2005,2.34E+12,-15.1,15.08,supernova,Ia,0.0025
36224,SDSS-II SN 6520,SDSS J25948.75+001110.9,344.953,0.1857,21/09/2005,9.98E+13,-18.1941,20.28,supernova,Ib/c,0.109067
36478,SDSS-II SN 1821,SDSS J04121.29+001402.3,10.34,0.233609,10/09/2005,8.82E+13,-17.8035,20.39,supernova,II,0.096105
36507,SNLS-05D4ev,,3.376666667,-17.70078611,10/09/2005,5.63E+14,-19.36,23.34,supernova,Ia,0.722
36620,SDSS-II SN 1113,SDSS J24033.23-001752.8,10.13916667,-0.296642,09/09/2005,5.27E+13,-17.537,19.5,supernova,II,0.056915
36679,GRB 050904A,,13.77,14.189,04/09/2005,1.83E+15,,,supernova,LGRB,6.29
36869,SN2005df,NGC 1559,4.407916667,-62.76930556,04/08/2005,4.05E+12,-18.4,12.37,supernova,Ia,0.004316
36930,SN2005cs,NGC 5194,202.472375,47.1745,28/06/2005,1.29E+12,-16.2,12.68,supernova,II,0.00137
36964,SN2005cf,MCG -01-39-03,230.388,-7.449194444,28/05/2005,6.05E+12,-18.7,13.32,supernova,Ia,0.006461
36980,SNLS-05D3jh,,4.355833333,52.61876389,12/05/2005,5.60E+14,-19.95,22.74,supernova,Ia,0.718
36986,SNLS-05D3ht,,4.477916667,53.16758333,11/05/2005,6.70E+14,-19.92,23.26,supernova,Ia,0.901
37023,SNLS-05D3hh,,4.7925,52.95933333,11/04/2005,5.90E+14,-19.63,23.2,supernova,Ia,0.766
37053,SN2005bb,UGC 8067,194.2994583,-1.704833333,01/04/2005,8.55E+12,-15.2,18,supernova,II,0.00913
37118,HST05Lan,GOODS J123656.59+621253.1,189.2363333,62.21481389,25/02/2005,8.41E+14,-17.8506,26,supernova,Ia,1.23407
37134,SNLS-05D2by,,0.116666667,2.521538889,12/02/2005,6.64E+14,-19.85,23.31,supernova,Ia,0.891
37146,SN2005W,NGC 691,27.690625,21.75988889,01/02/2005,8.33E+12,-18.5,14.15,supernova,Ia,0.008889
37158,GRB 050126A,,8.115,42.384,26/01/2005,8.66E+14,,,supernova,LGRB,1.29
37184,SN2005E,NGC 1032,9.809583333,1.098611111,13/01/2005,8.42E+12,-16.203,16.8,supernova,Ib (Ca rich),0.008986
37218,Ombo,EIS J033225.36-274503.0,53.10558333,-27.75083611,16/12/2004,7.11E+14,-18.65,24.7,supernova,Ia,0.975
37255,SN2004gk,IC 3311,186.388375,12.26108333,25/11/2004,5.16E+11,-17.8,13.3,supernova,Ic,-0.00055
37284,SN2004hc,A232432-0841,351.136125,-8.684305556,12/11/2004,5.86E+14,-19.89,22.92,supernova,Ia,0.7588
37311,SN2004fc,NGC 701,27.76604167,-9.701916667,21/10/2004,5.83E+12,-16,15.4,supernova,II,0.00622
37340,SNLS-04D4jw,,4.32875,-17.66549444,11/10/2004,7.03E+14,-19.87,23.45,supernova,Ia,0.961
37348,SNLS-04D4im,[HSP2005] J221500.88-172345.84,333.753525,-17.39604167,09/10/2004,5.81E+14,-20.72,22.07,supernova,Ia,0.751
37357,SNLS-04D4ih,[HSP2005] J221717.04-174038.74,334.3209375,-17.67738333,06/10/2004,6.88E+14,-20.09,23.17,supernova,Ia,0.934
37359,SN2004et,NGC 6946,308.8555417,60.12158333,27/09/2004,8.53E+11,-18,10.32,supernova,II,0.000909
37376,SNLS-04D1iv,,6.200416667,-4.152558333,20/09/2004,7.23E+14,-20.08,23.32,supernova,Ia,0.998
37387,McGuire,COMBO-17 29383,53.04175,-27.83055,16/09/2004,9.02E+14,-18.17,25.9,supernova,Ia,1.37
37404,SN2004eg,UGC 3053,7.034583333,21.65508333,01/09/2004,7.54E+12,-14.364,18.4,supernova,II,0.008051
37432,SN2004dj,NGC 2403,114.3209167,65.59938889,31/07/2004,4.28E+11,-17,10.69,supernova,II P,0.000456
37434,SN2004eq,ESO 404-G12,14.28958333,-34.58091667,30/07/2004,8.28E+12,-19.2,13.4,supernova,Ia,0.00884
37448,SNLS-04D3nc,[HSP2005] J141618.22+521626.09,214.0759125,52.27380278,12/07/2004,6.21E+14,-19.82,23.15,supernova,Ia,0.817
37468,SNLS-04D3lu,[HSP2005] J142108.00+525829.74,215.2832083,52.97479167,22/06/2004,6.24E+14,-19.9,23.08,supernova,Ia,0.822
37473,SNLS-04D3mk,[HSP2005] J141925.83+530949.56,214.85735,53.16369444,18/06/2004,6.19E+14,-19.87,23.09,supernova,Ia,0.813
37486,SN2004bv,NGC 6907,6.27625,-24.81491667,24/05/2004,9.93E+12,-18.7,13.95,supernova,Ia,0.01061
37495,SNLS-04D3ks,[AGR2006] J142233.47+521107.4,215.6397792,52.18518333,22/05/2004,5.82E+14,-20.26,22.53,supernova,Ia,0.752
37501,K0405-001,,188.9614875,62.17720833,21/05/2004,7.30E+14,-18.933,24.5,supernova,,1.012
37526,SN2004bm,NGC 3437,13.14708333,22.93486111,25/04/2004,3.93E+12,-13.8,17.77,supernova,Ic,0.00419
37527,SNLS-04D3dd,GSS 074_5532,214.4516875,52.47067778,25/04/2004,7.25E+14,-19.972,23.44,supernova,Ia,1.002
37559,K0404-011,,189.205675,62.26800833,04/04/2004,9.68E+14,-19.39,24.9,supernova,,1.53
37619,SN2004Y,2MASX J11432825+2140266,10.86791667,21.67508333,12/02/2004,6.39E+13,-18.9675,18.5,supernova,Ia,0.069201
37631,SN2004W,NGC 4649,10.90208333,11.53077778,28/01/2004,3.50E+12,-12.45,18.8,supernova,Ia,0.003729
37673,SNLS-03D1ew,[HSP2005] J022414.08-043956.98,36.05879583,-4.665852778,20/12/2003,6.51E+14,-19.85,23.25,supernova,Ia,0.868
37795,SNLS-03D1bk,VVDS 020209246,36.614225,-4.5367,28/09/2003,6.49E+14,-19.87,23.23,supernova,Ia,0.865
37817,SN2003hx,NGC 2076,11.69583333,-16.7835,12/09/2003,6.70E+12,-18.206,14.3,supernova,Ia,0.007152
37831,SN2003hn,NGC 1448,56.15041667,-44.63027778,25/08/2003,3.41E+12,-16.9,14.01,supernova,II P,0.00364
37851,SN2003gs,NGC 936,6.91,-1.159833333,29/07/2003,4.47E+12,-18.1,13.32,supernova,Ia Pec,0.00477
37884,SN2003fa,ARK 527,266.0321667,40.881,01/06/2003,5.63E+12,-19.69,16.4,supernova,Ia,0.006004
37894,SN2003et,A123555+6213,188.9827917,62.22577778,25/05/2003,8.69E+14,-18.652,25.3,supernova,,1.296
37932,SN2003du,UGC 9391,218.6491667,59.33438889,22/04/2003,5.98E+12,-19.5,13.06,supernova,Ia,0.006381
37937,SN2003dr,NGC 5714,219.546375,46.63427778,13/04/2003,7.02E+12,-14.5,18.3,supernova,IIb/Ib/Ic (Ca rich),0.00749
37957,SN2003dy,A123709+6211,189.2882875,62.19115833,04/04/2003,8.89E+14,-20.12,23.9,supernova,Ia,1.34
37992,SN2003cg,NGC 3169,153.5665417,3.467361111,21/03/2003,3.87E+12,-18.3,13.43,supernova,Ia,0.00413
38014,SN2003bk,NGC 4316,185.6755833,9.333666667,28/02/2003,3.92E+12,-15.2,17,supernova,II,0.004185
38026,SN2003az,A123719+6218,189.3321792,62.31034167,20/02/2003,8.55E+14,-19.682,24.22,supernova,Ia,1.265
38053,SN2003aj,A033244-2755,53.18470833,-27.91844444,03/02/2003,8.74E+14,-18.269,25.7,supernova,Ia,1.307
38054,SN2003ak,A033246-2754,53.19541667,-27.91369444,03/02/2003,9.77E+14,-20.218,24.1,supernova,Ia,1.551
38104,SN2002jz,UGC 2984,3.302083333,13.41869444,23/12/2002,4.84E+12,-16,15.8,supernova,Ib,0.00516
38111,SN2002jo,NGC 5708,219.5684167,40.45388889,11/12/2002,8.60E+12,-16.75,16.3,supernova,Ia,0.00918
38112,SN2002lt,A080859+0643,122.2494083,6.727088889,11/12/2002,7.27E+14,-18.92,24.5,supernova,Ic,1.006
38155,SN2002hl,NGC 3665,6.167083333,38.7675,04/11/2002,6.40E+12,-16.2,16.3,supernova,Ia,0.006831
38178,SN2002ks,A021734-0500,4.39375,-5.004277778,03/11/2002,8.16E+14,-18.559,25.2,supernova,,1.181
38186,SN2002hp,A033224-2746,53.10325833,-27.77168611,01/11/2002,8.73E+14,-19.676,24.29,supernova,Ia,1.305
38211,SN2002hg,NGC 3306,159.2941667,12.65366667,28/10/2002,9.02E+12,-16.6,16.7,supernova,II,0.009637
38213,SN2002kg,NGC 2403,9.2575,65.57480556,26/10/2002,7.51E+11,-8.7,19,supernova,IIn,0.0008
38239,SN2002gf,2MASX J20551849-0004243,313.8245,-0.072611111,27/09/2002,7.93E+13,-18.6536,19.3,supernova,Ia,0.086236
38265,SN2002fa,GALEXASC J205221.54+020843.8,313.09075,2.144972222,24/08/2002,5.41E+13,-17.79,19.3,supernova,II P,0.0584
38295,SN2002dt,ESO 516-G5,240.947125,-22.73872222,26/06/2002,2.91E+11,,17.1,supernova,Ib/c,-0.00031
38345,SN2002gi,A135712+0433,209.30125,4.554722222,07/05/2002,6.76E+14,-19.11,24.1,supernova,Ia,0.912
38369,SN2002fe,A140418+0519,1.075833333,5.323777778,09/04/2002,7.69E+14,-18.883,24.7,supernova,Ia,1.086
38371,SN2002cd,NGC 6916,5.893333333,58.3465,08/04/2002,9.69E+12,-17.8,15.64,supernova,Ia,0.010344
38390,SN2002bs,IC 4221,4.62625,-14.60883333,11/03/2002,9.03E+12,-19.26,13.9,supernova,Ia,0.00964
38424,SN2002ap,NGC 628,24.099375,15.75366667,29/01/2002,1.98E+12,-17.81,12.04,supernova,Ic BL,0.002108
38425,SN2002ao,UGC 9299,217.3989167,-0.0155,25/01/2002,4.81E+12,-18.7,13.6,supernova,Ic,0.005134
38462,SN2002X,A084830+4415,12.12708333,44.25980556,09/01/2002,6.44E+14,-19.65,23.42,supernova,,0.856
38501,SN2001ix,A105218+5707,13.07875,57.12488889,09/12/2001,5.56E+14,-19.77,22.9,supernova,Ia,0.711
38505,SN2001jm,A043913-0123,9.8075,-1.388388889,09/12/2001,7.12E+14,-20.1,23.26,supernova,Ia,0.977
38604,SN2001el,NGC 1448,56.1275,-44.63983333,17/09/2001,3.24E+12,-18.5,12.4,supernova,Ia,0.00346
38620,SN2001du,NGC 1365,53.37129167,-36.14236111,24/08/2001,3.48E+12,-17.17,14,supernova,II,0.00371
38669,SN2001cv,A132534+2737,6.395,27.61738889,20/05/2001,7.45E+14,-19.39,24.1,supernova,Ia,1.04
38671,SN2001bq,NGC 5534,214.42525,-7.417111111,17/05/2001,8.19E+12,-17.7,14.8,supernova,II,0.008748
38674,SN2001bg,NGC 2608,128.8285833,28.46827778,08/05/2001,6.67E+12,-18.8,12.8,supernova,Ia,0.007122
38706,SN2001gn,A140159+0504,0.499583333,5.083222222,15/04/2001,7.88E+14,-18.655,25,supernova,Ia,1.124
38757,SN2001X,NGC 5921,230.4810417,5.061694444,27/02/2001,4.63E+12,-17.47,13.95,supernova,II P,0.004937
38790,SN2001A,NGC 4261,4.845833333,5.827916667,01/01/2001,7.00E+12,-13.5,18.8,supernova,Ia,0.007469
38880,SN2000de,NGC 4384,186.3007083,54.50797222,10/08/2000,7.80E+12,-16.8,16,supernova,Ib,0.00833
38882,SN2000dc,ESO 527-G19,5.189583333,-24.13263889,09/08/2000,9.73E+12,-16.4,16.5,supernova,II,0.010397
38926,SN2000cb,IC 1158,240.3839583,1.706388889,27/04/2000,6.03E+12,-16.3,15.55,supernova,II P Pec,0.00643
39045,SN2000E,NGC 6951,9.3075,66.09727778,26/01/2000,3.88E+12,-18.5,13.42,supernova,Ia,0.00414
39065,SN1999gq,NGC 4523,8.45125,15.18005556,23/12/1999,7.98E+11,-15,14.3,supernova,II,0.00085
39071,SN1999gk,NGC 4653,190.9662917,-0.548722222,15/12/1999,8.20E+12,-17.5,15.4,supernova,II,0.00875
39078,SN1999gi,NGC 3184,154.5694167,41.44116667,09/12/1999,1.85E+12,-16.3,13.9,supernova,II,0.001975
39125,SN1999fk,A022853+0116,7.224583333,1.273388889,03/11/1999,7.53E+14,-19.223,24.3,supernova,Ia,1.056
39126,SN1999fo,A041445+0638,3.690416667,6.642861111,03/11/1999,7.61E+14,-19.55,24,supernova,Ia,1.07
39143,SN1999eh,NGC 2770,137.386125,33.12136111,12/10/1999,6.04E+12,-13.8,18.3,supernova,Ib,0.00645
39198,SN1999dn,NGC 7714,354.06125,2.152444444,19/08/1999,8.77E+12,-16.5,16.3,supernova,Ib,0.009366
39295,SN1999bw,NGC 3198,154.9450417,45.52638889,20/04/1999,2.08E+12,-12.68,17.28,supernova,IIn?,0.00222
39299,SN1999bu,NGC 3786,9.927083333,31.90808333,16/04/1999,8.37E+12,-14.4,18.7,supernova,Ic,0.008933
39321,SN1999bg,IC 758,181.03025,62.50002778,28/03/1999,3.99E+12,-16.8,15.22,supernova,II,0.004253
39514,SN1998dm,MCG -01-04-44,6.558333333,-6.103888889,22/08/1998,6.13E+12,-17.6,14.25,supernova,Ia,0.006541
39611,SN1998bn,NGC 4462,187.3283333,-23.16402778,17/04/1998,5.61E+12,-18.5,13.7,supernova,Ia,0.005981
39616,SN1998bv,HS1035+4758,159.605875,47.70911111,06/04/1998,4.93E+12,-14.74,17.1,supernova,II,0.00526
39680,SN1998S,NGC 3877,176.5255417,47.48205556,02/03/1998,2.83E+12,-19.2,11.7,supernova,IIn,0.00302
39705,SN1998D,NGC 5440,0.747083333,34.74841667,28/01/1998,3.86E+12,-15.7,15.6,supernova,Ia,0.00412
39722,SN1998J,A093110-0445,7.79375,-4.760138889,23/01/1998,6.28E+14,-20.5,22.5,supernova,Ia,0.828
39760,SN1997fg,A133657+6213,189.2404583,62.22083333,23/12/1997,6.98E+14,-16.5,26.8,supernova,,0.952
39786,SN1997dt,NGC 7448,345.012375,15.98069444,22/11/1997,6.86E+12,-17.4,14.64,supernova,Ia,0.007318
39799,SN1997do,UGC 3845,6.677083333,47.09333333,31/10/1997,9.48E+12,-18.8,14.45,supernova,Ia,0.01012
39963,SN1997bq,NGC 3147,4.272083333,73.38391667,07/04/1997,8.81E+12,-18.46,14.45,supernova,Ia,0.00941
40119,SN1996bk,NGC 5308,11.74166667,60.97025,12/10/1996,6.38E+12,-18.3,13.9,supernova,Ia,0.00681
40167,SN1996aq,NGC 5584,215.5946667,-0.389944444,17/08/1996,5.18E+12,-15.7,15.7,supernova,Ic,0.00553
40189,SN1996al,NGC 7689,353.3170833,-54.08388889,22/07/1996,6.16E+12,-17.8,14,supernova,II,0.006571
40213,SN1996ai,NGC 5005,2.742083333,37.05983333,16/06/1996,2.96E+12,-17.2,13.5,supernova,Ia,0.00316
40265,SN1996X,NGC 5061,4.504583333,-26.84591667,12/04/1996,6.46E+12,-18.9,12.71,supernova,Ia,0.00689
40287,SN1996cl,A105659-0337,14.24625,-3.626777778,18/03/1996,6.27E+14,-19.659,23.34,supernova,Ia,0.8274
40295,SN1996cr,ESO 97-G13,213.291875,-65.34577778,16/03/1996,1.36E+12,-11.5,16.6,supernova,II,0.001449
40460,SN1995N,MCG -02-38-17,222.367875,-10.17055556,05/05/1995,5.78E+12,-18.9,13.04,supernova,II,0.00617
40499,SN1995D,NGC 2962,145.2281375,5.1406,10/02/1995,6.15E+12,-20,12.7,supernova,Ia,0.006561
40613,SN1994W,NGC 4041,180.5455,62.14241667,29/07/1994,3.78E+12,-19.1,13,supernova,II,0.00403
40637,SN1994U,NGC 4948,196.233875,-7.947694444,27/06/1994,3.52E+12,-17.7,14,supernova,Ia,0.003749
40890,SN1993L,IC 5270,344.47025,-35.85744444,30/04/1993,6.20E+12,-17.5,13.86,supernova,Ia,0.006616
40905,SN1993J,NGC 3031,148.8532279,69.02047278,28/03/1993,1.06E+11,-17.4,9.91,supernova,IIb,-0.000113
40906,SN1993K,NGC 2223,96.1575,-22.83055556,28/03/1993,8.50E+12,-18.1,14.5,supernova,II?,0.00908
41009,SN1992ba,NGC 2082,85.44625,-64.30019444,30/09/1992,3.70E+12,-16.7,14,supernova,II P,0.00395
41137,SN1992K,ESO 269-G57,2.5175,-46.44175,03/03/1992,9.70E+12,-17.3,15.78,supernova,Ia,0.01036
41171,SN1992A,NGC 1380,54.11420833,-34.95872222,11/01/1992,3.95E+12,-18.59,12.62,supernova,Ia,0.00421
41199,SN1991bg,NGC 4374,186.2654167,12.871,03/12/1991,3.32E+12,-17.8,13.41,supernova,Ia Pec,0.003539
41342,SN1991T,NGC 4527,188.5425,2.665666667,13/04/1991,5.43E+12,-19.57,10.93,supernova,Ia-91T,0.005791
41348,SN1991M,IC 1151,239.6450833,17.45797222,12/03/1991,6.78E+12,-18.4,14.45,supernova,Ia,0.007235
41362,SN1990aj,NGC 1640,70.56375,-20.42163889,18/12/1990,5.01E+12,-13.4,18,supernova,Ia/c,0.005344
41386,SN1990M,NGC 5493,212.8724167,-5.043583333,15/06/1990,8.47E+12,-19.4,13.5,supernova,Ia,0.00904
41387,SN1990K,NGC 150,8.55825,-27.79608333,25/05/1990,4.95E+12,-17,14.57,supernova,II,0.005284
41395,SN1990E,NGC 1035,39.87125,-8.137222222,15/02/1990,4.02E+12,-16.8,14.44,supernova,II,0.00429
41397,SN1990B,NGC 4568,189.1410833,11.24163889,20/01/1990,6.97E+12,-17.4,14.5,supernova,Ic,0.00744
41416,SN1989L,NGC 7339,339.457125,23.78769444,04/05/1989,4.11E+12,-14.9,16,supernova,II,0.00438
41425,SN1989C,MCG +01-25-25,146.9392083,2.626694444,03/02/1989,5.86E+12,-17.8,14.3,supernova,II,0.006252
41428,SN1989A,NGC 3687,171.9959167,29.50594444,19/01/1989,7.83E+12,-19,13.85,supernova,Ia,0.008359
41450,SN1988L,NGC 5480,211.59125,50.72972222,30/04/1988,5.97E+12,-15.2,16.5,supernova,Ib,0.00637
41476,SN1987E,NGC 4725,193.0670833,25.32305556,24/04/1987,2.68E+12,-14.81,15.7,supernova,Star,0.00286
41480,SN1987A,LMC,83.86675,-69.26974167,24/02/1987,8925170585,-16.3,1.9,supernova,II Pec,9.51E-06
41487,SN1986J,NGC 891,35.63054167,42.33233333,21/08/1986,1.65E+12,-15.7,14,supernova,II,0.00176
41490,SN1986G,NGC 5128,201.4019167,-43.03155556,03/05/1986,1.72E+12,-16.6,10.61,supernova,Ia-91bg,0.00183
41504,SN1985L,NGC 5033,198.3404583,36.60897222,13/06/1985,9.01E+12,-19.2,12.5,supernova,II,0.00962
41507,SN1985H,NGC 3359,161.63375,63.23027778,12/04/1985,3.18E+12,-14.2,16.4,supernova,II,0.00339
41508,SN1985G,NGC 4451,187.1683333,9.261111111,21/03/1985,2.42E+12,-17.4,14.8,supernova,II,0.00258
41510,SN1985F,NGC 4618,190.3875417,41.15163889,28/02/1985,1.69E+12,-17,12.38,supernova,Ib,0.0018
41514,SN1985B,NGC 4045,180.6835,1.979111111,17/01/1985,5.79E+11,-18.7,13,supernova,Ia,0.000617
41536,SN1984A,NGC 4419,186.7322083,15.05475,04/01/1984,8.64E+11,-19,12.1,supernova,Ia,-0.00092
41548,SN1983N,NGC 5236,9.213333333,-29.90047222,03/07/1983,2.89E+12,-17.4,10.73,supernova,Ib,0.00308
41558,SN1983G,NGC 4753,193.0870833,-1.203333333,04/04/1983,1.93E+12,-17,12.65,supernova,Ia,0.00206
41589,SN1982B,NGC 2268,108.6405,84.38658333,12/02/1982,6.23E+12,-19.2,13.35,supernova,Ia,0.00665
41634,SN1978K,NGC 1313,49.41083333,-66.55127778,31/07/1978,1.47E+12,-12.1,16,supernova,II,0.001568
41663,SN1976B,NGC 4402,186.5508333,13.11138889,28/03/1976,7.41E+11,-16.3,14.07,supernova,Ib,0.00079
41671,SN1975N,NGC 7723,354.725,-12.9525,24/10/1975,5.32E+12,-18.5,13.41,supernova,Ia,0.00568
41691,SN1974G,NGC 4414,186.6166667,31.20611111,20/04/1974,3.69E+12,-19.3,11.8,supernova,Ia,0.00394
41731,SN1972E,NGC 5253,204.9695833,-31.66916667,06/05/1972,1.27E+12,-19.4,7.77,supernova,Ia,0.001358
41740,SN1971S,NGC 493,20.55041667,0.955833333,15/11/1971,7.39E+12,-16.2,15.5,supernova,II,0.00789
41748,SN1971L,NGC 6384,263.1083333,7.067222222,24/06/1971,4.32E+12,-19.1,12.67,supernova,Ia,0.00461
41751,SN1971I,NGC 5055,198.9566667,41.9875,24/05/1971,1.23E+12,-19,10.9,supernova,Ia,0.00131
41753,SN1971G,NGC 4165,183.05,13.23777778,29/03/1971,5.85E+12,-19.21,13,supernova,Ia,0.00624
41767,SN1970G,NGC 5457,210.7534583,54.24244444,30/07/1970,7.61E+11,-18,11.42,supernova,II,0.000811
41774,SN1970A,IC 3476,188.1708333,14.04194444,15/02/1970,5.35E+11,-16.4,14,supernova,II,-0.00057
41775,SN1970O,A122618+2745,186.5708333,27.7475,02/02/1970,2.46E+12,-16.62,13.7,supernova,,0.00262
41827,SN1967C,NGC 3389,162.1045833,12.54527778,28/02/1967,4.06E+12,-18.8,12.46,supernova,Ia,0.00433
41840,SN1966E,NGC 4189,183.44125,13.415,12/07/1966,6.58E+12,-16.2,14.8,supernova,II,0.00702
41843,SN1966B,NGC 4688,191.9370833,4.325555556,12/02/1966,3.05E+12,-16.1,15,supernova,II,0.00325
41872,SN1964E,MCG +09-20-51,179.7541667,52.71638889,12/03/1964,5.19E+12,-18.13,12.85,supernova,Ia,0.00554
41891,SN1963I,NGC 4178,3.19,10.85855556,14/05/1963,1.22E+12,-16.6,13.93,supernova,Ia,0.0013
41908,SN1962J,NGC 6835,298.625,-12.57444444,28/08/1962,6.83E+12,-18.3,13.39,supernova,Ia,0.00729
41934,SN1961H,NGC 4564,189.113625,11.44016667,02/05/1961,3.57E+12,-19.92,10.9,supernova,Ia,0.003809
41941,SN1960R,NGC 4382,186.3534583,18.15536111,20/12/1960,2.28E+12,-18.83,12,supernova,Ia,0.002432
42007,SN1954J,NGC 2403,114.2341667,65.63119444,26/11/1954,4.04E+11,,,supernova,II Pec?,0.00043
42025,SN1954B,NGC 5668,218.350375,4.444888889,27/04/1954,5.71E+12,-19.8,12.3,supernova,Ia,0.00609
42026,SN1954A,NGC 4214,183.9375,36.27055556,10/04/1954,9.10E+11,-18,9.1,supernova,Ib,0.00097
42055,SN1951H,NGC 5457,210.9804167,54.36138889,01/09/1951,3.54E+12,-12,17.19,supernova,II,0.00378
42102,SN1937D,NGC 1003,39.8375,40.87222222,09/09/1937,4.86E+12,-19,10.5,supernova,Ia,0.00518
42104,SN1937C,IC 4182,196.4716667,37.60194444,16/08/1937,1.00E+12,-19,8.4,supernova,Ia,0.001071
42107,SN1936A,NGC 4273,184.9829167,5.352222222,02/01/1936,7.34E+12,-17.8,14.4,supernova,II,0.00783
42113,SN1926A,NGC 4303,185.475,4.493611111,09/05/1926,7.53E+12,-16.4,14.3,supernova,II,0.00804
42115,SN1921C,NGC 3184,154.5958333,41.35055556,05/12/1921,2.99E+12,-19.4,10.8,supernova,I,0.00319
42118,SN1920A,NGC 2608,128.8154167,28.47527778,01/01/1920,6.81E+12,-21.2,10.4,supernova,II,0.00727
42861,GND13Ful,,9.08,62.25349444,2013,6.01E+14,,,supernova,,0.783
42865,CLY13Hos,,2.694583333,-3.089716667,2013,6.55E+14,,,supernova,,0.876
42866,GND13Wol,,9.245416667,62.30281944,2013,6.93E+14,,,supernova,,0.943
42870,EGS13Tan,,5.00875,53.00454444,2013,7.94E+14,,,supernova,,1.137
42872,GND13Cam,,9.280833333,62.17413889,2013,8.35E+14,,,supernova,,1.222
42874,GND13Fin,,9.325833333,62.28601389,2013,9.51E+14,,,supernova,,1.488
43095,COS12Mon,,0.11125,2.253816667,2012,5.97E+14,,,supernova,,0.777
43102,GNW12Gor,,9.08625,62.14585556,2012,7.32E+14,,,supernova,,1.016
43103,CLS12Mac,,3.94875,-24.00660278,2012,7.42E+14,,,supernova,,1.034
43104,COS12Her,,0.1975,2.254927778,2012,7.67E+14,,,supernova,,1.082
43105,GSD12Agn,,8.107916667,-27.83878333,2012,7.73E+14,,,supernova,,1.095
43108,GND12Whe,,9.100833333,62.29436111,2012,8.87E+14,,,supernova,,1.335
43110,COS12Car,,0.06125,2.192380556,2012,9.72E+14,,,supernova,,1.54
43459,GSD11Mad,,8.078333333,-27.87834722,2011,7.18E+14,,,supernova,,0.988
43460,CLF11Ves,,7.4275,-7.696688889,2011,8.34E+14,,,supernova,,1.22
43464,EGS11Nix,,5.2025,53.00735278,2011,9.36E+14,,,supernova,,1.451
44585,Ayako,,8.102083333,33.56409722,2006,6.04E+14,,,supernova,CC,0.789
44587,Ingvar,,11.39125,-36.54541111,2006,6.65E+14,,,supernova,CC,0.892
44589,Ashley,,3.78375,36.21192778,2006,7.38E+14,,,supernova,Ia,1.026
44642,HST04Cli,,8.02125,-27.69516944,2004,5.80E+14,,,supernova,,0.75
44656,SNLS-03D1as,,6.102083333,-4.361163889,2003,6.53E+14,,,supernova,,0.872
47583,SDSS-II SN 983,SDSS J25823.36+010953.4,14.59708333,1.16458,,6.33E+13,-17.497,19.95,supernova,II,0.06855
47671,SDSS-II SN 13286,SDSS J21938.26-005219.3,334.91,-0.872814,,7.84E+13,-17.218,20.71,supernova,II,0.08523
47682,SDSS-II SN 6465,SDSS J30757.79-001412.8,46.9911,-0.23736,,7.99E+13,-17.44,20.53,supernova,II,0.086876
47707,SDSS-II SN 3063,SDSS J03238.20-010035.2,8.15914,-1.00985,,8.43E+13,-18.5602,19.53,supernova,II,0.091725
47718,SDSS-II SN 13002,SDSS J13322.79-004226.2,8.345,-0.707305,,8.74E+13,-17.4233,20.75,supernova,II,0.095234
47732,SDSS-II SN 1545,SDSS J005742.51-004048.0,14.42625,-0.678416667,,9.03E+13,,,supernova,,0.098491
48997,SDSS-II SN 21164,SDSS J14210.62+001129.4,10.54416667,0.191551944,,4.84E+14,-21.3666,20.93,supernova,II,0.601231
49053,SDSS-II SN 20215,SDSS J14714.22-004642.6,11.80916667,-0.778514,,5.39E+14,-21.2016,21.38,supernova,II,0.683836
49070,CLA11Tib,,12.00541667,-3.554694444,,7.97E+14,,,supernova,,1.143
49071,CLO12Car,,5.0875,35.61136111,,8.62E+14,,,supernova,,1.28
49072,HFF14Tom,Abell 2744:[BML2002] 0428,3.574583333,-30.39991667,,8.91E+14,,,supernova,Ia,1.3457
